,time,px,google_trend,twitter_sent
0,2016-01-01,434.463,62.0,0.4253195647624877
1,2016-01-02,433.586,60.0,0.45950765447935443
2,2016-01-03,430.361,69.0,0.43108819388575187
3,2016-01-04,433.493,74.0,0.3831373510861866
4,2016-01-05,432.253,65.0,0.3689086512524027
5,2016-01-06,429.464,64.0,0.4327592903471884
6,2016-01-07,458.28,79.0,0.415226843783196
7,2016-01-08,453.37,80.0,0.3622567182165021
8,2016-01-09,449.143,71.0,0.47233105095540656
9,2016-01-10,448.964,69.0,0.32558988952124807
10,2016-01-11,448.385,75.0,0.3644371236133028
11,2016-01-12,432.884,70.0,0.3692075231691709
12,2016-01-13,432.04,78.0,0.3833067006878095
13,2016-01-14,429.729,70.0,0.3475315810674623
14,2016-01-15,358.766,93.0,0.15887772259666597
15,2016-01-16,387.665,100.0,0.20905688857244328
16,2016-01-17,380.208,86.0,0.34163054017941646
17,2016-01-18,385.844,77.0,0.28306719606730535
18,2016-01-19,377.745,80.0,0.31219861008153377
19,2016-01-20,418.742,90.0,0.32065355509355387
20,2016-01-21,409.945,77.0,0.31122846303923357
21,2016-01-22,381.761,72.0,0.2885817681728839
22,2016-01-23,386.191,72.0,0.21402903342366583
23,2016-01-24,402.61,69.0,0.34368607410490626
24,2016-01-25,390.663,62.0,0.3169901646006843
25,2016-01-26,391.43,65.0,0.3542489413528126
26,2016-01-27,394.629,64.0,0.39146362045497707
27,2016-01-28,379.384,62.0,0.2597357733413938
28,2016-01-29,378.2,65.0,0.3427571738344656
29,2016-01-30,376.937,68.0,0.3820101668302153
30,2016-01-31,367.135,60.0,0.2925569967809021
31,2016-02-01,371.248,61.0,0.4007871724677252
32,2016-02-02,372.877,64.0,0.3335487367855151
33,2016-02-03,368.933,70.0,0.3166260773258052
34,2016-02-04,388.612,69.0,0.35649066968955984
35,2016-02-05,385.338,64.0,0.27473647479307217
36,2016-02-06,375.405,51.0,0.2516184795321574
37,2016-02-07,375.284,57.0,0.23375022514070778
38,2016-02-08,371.101,62.0,0.2741629157427863
39,2016-02-09,373.321,59.0,0.2928842607003814
40,2016-02-10,379.96,71.0,0.33272933958858936
41,2016-02-11,377.72,70.0,0.3059055494303523
42,2016-02-12,383.126,61.0,0.3376554959785432
43,2016-02-13,392.182,61.0,0.3210884423836446
44,2016-02-14,406.738,60.0,0.34787665278028573
45,2016-02-15,399.485,65.0,0.2383998214604501
46,2016-02-16,407.361,77.0,0.3597033131456954
47,2016-02-17,415.561,73.0,0.36360077241898653
48,2016-02-18,421.637,85.0,0.1785607549317159
49,2016-02-19,420.334,69.0,0.3316054307880666
50,2016-02-20,436.517,72.0,0.3568086097794706
51,2016-02-21,438.985,74.0,0.37359471124619037
52,2016-02-22,438.072,70.0,0.3222687670764932
53,2016-02-23,419.981,72.0,0.3744658899923512
54,2016-02-24,424.362,69.0,0.336795609039122
55,2016-02-25,423.517,69.0,0.3559717546645385
56,2016-02-26,432.064,63.0,0.3963868274582546
57,2016-02-27,432.138,68.0,0.3972077338476257
58,2016-02-28,432.64,57.0,0.39504254480991263
59,2016-02-29,436.608,61.0,0.34601949563529605
60,2016-03-01,433.637,75.0,0.24654826677478028
61,2016-03-02,421.598,68.0,0.35675242995996337
62,2016-03-03,419.466,84.0,0.33784858703842136
63,2016-03-04,407.982,72.0,0.2726872491145153
64,2016-03-05,397.833,74.0,0.3763786938932672
65,2016-03-06,404.55,77.0,0.3380212632404772
66,2016-03-07,412.982,67.0,0.3381076093351545
67,2016-03-08,411.758,70.0,0.3763786938932672
68,2016-03-09,412.618,67.0,0.3498731923464169
69,2016-03-10,416.16,57.0,0.33033614718613996
70,2016-03-11,419.887,66.0,0.3224757786116235
71,2016-03-12,410.132,56.0,0.29253614749143225
72,2016-03-13,412.291,54.0,0.3008562881097514
73,2016-03-14,415.091,78.0,0.30098854102404804
74,2016-03-15,415.383,69.0,0.2669814246068414
75,2016-03-16,416.253,59.0,0.3381389026010943
76,2016-03-17,418.452,62.0,0.288153190676341
77,2016-03-18,408.036,59.0,0.28817423977630224
78,2016-03-19,408.52,69.0,0.2885745492903641
79,2016-03-20,410.751,57.0,0.3434886883973499
80,2016-03-21,411.423,61.0,0.355733711248887
81,2016-03-22,416.926,77.0,0.26718441752095856
82,2016-03-23,417.386,65.0,0.32932874062375844
83,2016-03-24,414.341,65.0,0.32428491314198343
84,2016-03-25,415.687,58.0,0.3808252644679387
85,2016-03-26,416.73,57.0,0.3746017108639847
86,2016-03-27,425.378,63.0,0.3698464187327709
87,2016-03-28,422.756,65.0,0.3381437762504684
88,2016-03-29,415.553,69.0,0.3466711516958536
89,2016-03-30,412.69,65.0,0.39616431694944504
90,2016-03-31,415.161,61.0,0.30303223728812584
91,2016-04-01,417.009,58.0,0.3845635475852205
92,2016-04-02,419.686,29.0,0.38036821156906614
93,2016-04-03,419.385,31.0,0.3703564239420416
94,2016-04-04,419.416,28.0,0.343071343226049
95,2016-04-05,422.653,33.0,0.3664030989488871
96,2016-04-06,421.7,35.0,0.4016246644587693
97,2016-04-07,421.204,32.0,0.37313929085672115
98,2016-04-08,418.089,33.0,0.35222293328498055
99,2016-04-09,418.419,27.0,0.3803665518560914
100,2016-04-10,421.111,29.0,0.3514143225039535
101,2016-04-11,422.99,34.0,0.34973914997956124
102,2016-04-12,425.99,34.0,0.31412367876621267
103,2016-04-13,424.401,32.0,0.3267624743537044
104,2016-04-14,425.106,28.0,0.32704141172132706
105,2016-04-15,429.98,27.0,0.3262092836113762
106,2016-04-16,430.837,27.0,0.2770388726350601
107,2016-04-17,427.862,30.0,0.3497153326293459
108,2016-04-18,429.054,30.0,0.2644667773437446
109,2016-04-19,436.105,29.0,0.3017306656552193
110,2016-04-20,442.156,33.0,0.26430354944603623
111,2016-04-21,451.102,36.0,0.2903307628695402
112,2016-04-22,447.636,36.0,0.3189694658033139
113,2016-04-23,452.584,32.0,0.38026377733597566
114,2016-04-24,460.327,34.0,0.3174071663920864
115,2016-04-25,462.51,36.0,0.329306100526953
116,2016-04-26,467.803,37.0,0.3124588537386968
117,2016-04-27,445.012,32.0,0.3792398299813283
118,2016-04-28,449.856,39.0,0.33429139240505784
119,2016-04-29,456.35,34.0,0.3576448296007701
120,2016-04-30,449.333,31.0,0.40519362613818133
121,2016-05-01,453.042,29.0,0.36310645637334954
122,2016-05-02,444.513,100.0,0.18729570763311865
123,2016-05-03,450.274,65.0,0.30813922734026045
124,2016-05-04,446.962,44.0,0.23659514731369022
125,2016-05-05,448.527,44.0,0.20648146702280476
126,2016-05-06,460.374,43.0,0.2078140383426082
127,2016-05-07,459.465,33.0,0.2689917447306732
128,2016-05-08,459.437,44.0,0.35049324792242476
129,2016-05-09,461.491,40.0,0.3265867596484484
130,2016-05-10,450.987,43.0,0.3604571483034681
131,2016-05-11,452.113,41.0,0.37739885817307006
132,2016-05-12,454.818,36.0,0.32809291998323575
133,2016-05-13,455.735,34.0,0.28166229962397954
134,2016-05-14,455.753,31.0,0.37939751992913295
135,2016-05-15,457.848,30.0,0.3014645617529886
136,2016-05-16,453.41,35.0,0.27463099912739447
137,2016-05-17,452.746,34.0,0.33570107913668956
138,2016-05-18,453.378,35.0,0.26552087618263864
139,2016-05-19,436.729,36.0,0.2732430620154998
140,2016-05-20,442.953,30.0,0.3051162568049491
141,2016-05-21,443.135,33.0,0.31765363076348035
142,2016-05-22,438.773,32.0,0.4097311028037328
143,2016-05-23,443.734,32.0,0.32875007304600773
144,2016-05-24,445.13,30.0,0.4494476584899499
145,2016-05-25,449.234,30.0,0.3544074033552039
146,2016-05-26,453.819,35.0,0.31587238979118143
147,2016-05-27,473.467,37.0,0.24827160645029667
148,2016-05-28,525.433,44.0,0.38099360150061884
149,2016-05-29,524.083,47.0,0.3284799157007376
150,2016-05-30,532.586,49.0,0.2800896477071434
151,2016-05-31,531.797,49.0,0.3099834273772165
152,2016-06-01,536.424,40.0,0.30061911604615205
153,2016-06-02,538.145,42.0,0.2450102024453806
154,2016-06-03,570.471,46.0,0.3025819760619547
155,2016-06-04,573.45,49.0,0.27140120928418454
156,2016-06-05,574.106,41.0,0.35819220485396086
157,2016-06-06,585.531,48.0,0.2988258504875425
158,2016-06-07,577.856,44.0,0.24017513079222366
159,2016-06-08,583.105,43.0,0.2887698920177814
160,2016-06-09,576.454,42.0,0.30201992948983597
161,2016-06-10,579.131,41.0,0.3222471579857348
162,2016-06-11,611.777,38.0,0.4076634307050225
163,2016-06-12,675.343,58.0,0.341134429028811
164,2016-06-13,705.619,71.0,0.3366560148821822
165,2016-06-14,685.989,62.0,0.3468956086122337
166,2016-06-15,696.323,56.0,0.2871656536312804
167,2016-06-16,768.242,63.0,0.3365956876206801
168,2016-06-17,747.554,59.0,0.27592476990795867
169,2016-06-18,755.684,55.0,0.2947043637767876
170,2016-06-19,764.045,54.0,0.3439561633281947
171,2016-06-20,727.949,53.0,0.3325847367342702
172,2016-06-21,665.876,61.0,0.23146834750911277
173,2016-06-22,602.887,55.0,0.2579677067082685
174,2016-06-23,625.495,60.0,0.2787046361880205
175,2016-06-24,665.162,84.0,0.34679653206650646
176,2016-06-25,665.329,54.0,0.37565044539115683
177,2016-06-26,630.246,50.0,0.3088728749999964
178,2016-06-27,658.399,48.0,0.2967777047913456
179,2016-06-28,646.304,48.0,0.28987434554973207
180,2016-06-29,639.082,42.0,0.21678311970025452
181,2016-06-30,672.485,46.0,0.2174852923202279
182,2016-07-01,676.523,42.0,0.18370020475020263
183,2016-07-02,703.686,42.0,0.27316696747114266
184,2016-07-03,659.688,44.0,0.3130358439024379
185,2016-07-04,681.63,42.0,0.34076120481927374
186,2016-07-05,668.092,43.0,0.08666129217791463
187,2016-07-06,676.113,49.0,0.19613104959171396
188,2016-07-07,639.761,47.0,0.33019397209302953
189,2016-07-08,664.743,48.0,0.13072807817589727
190,2016-07-09,650.627,58.0,0.23938360098242908
191,2016-07-10,649.962,46.0,0.1484148699664373
192,2016-07-11,649.027,45.0,0.22462149768615772
193,2016-07-12,664.839,41.0,0.2040144638949629
194,2016-07-13,653.934,37.0,0.2141397016254695
195,2016-07-14,659.636,40.0,0.260020643623358
196,2016-07-15,664.876,37.0,0.20490995113283028
197,2016-07-16,663.541,33.0,0.16607955493741386
198,2016-07-17,679.051,35.0,0.15321263460158177
199,2016-07-18,673.594,37.0,0.20689755082047337
200,2016-07-19,673.843,37.0,0.32649065991988774
201,2016-07-20,666.18,36.0,0.18357908833376166
202,2016-07-21,665.099,36.0,0.0882329504360773
203,2016-07-22,650.822,36.0,0.09082587096774271
204,2016-07-23,654.862,34.0,0.18911767171129232
205,2016-07-24,661.05,33.0,0.13142914859621033
206,2016-07-25,655.135,35.0,0.06063672473867565
207,2016-07-26,651.077,36.0,0.12135496540950716
208,2016-07-27,655.442,40.0,0.20937607718741608
209,2016-07-28,655.627,34.0,0.14419277794426236
210,2016-07-29,656.669,36.0,0.17608367202268196
211,2016-07-30,654.976,33.0,0.2484057277460941
212,2016-07-31,625.881,34.0,0.18399458969712582
213,2016-08-01,607.374,39.0,0.2412003145360596
214,2016-08-02,552.821,44.0,0.10470374837632286
215,2016-08-03,565.2638,78.0,0.003304272972412454
216,2016-08-04,578.3213,51.0,0.13751178188899657
217,2016-08-05,574.9563,41.0,0.008701318027211457
218,2016-08-06,588.4225,37.0,0.16387239610056512
219,2016-08-07,592.78,36.0,0.07583801348865746
220,2016-08-08,590.6225,38.0,0.07778980357536949
221,2016-08-09,584.7588,34.0,0.14059518151815262
222,2016-08-10,592.8925,35.0,0.15275423548215314
223,2016-08-11,586.525,34.0,0.20738133926480956
224,2016-08-12,586.0263,32.0,0.22711955856643787
225,2016-08-13,585.0813,35.0,0.25547670857142757
226,2016-08-14,571.4438,33.0,0.2797141206030126
227,2016-08-15,567.2025,34.0,0.21700561956741438
228,2016-08-16,576.2488,33.0,0.16475889865996549
229,2016-08-17,571.745,39.0,0.18359451549434558
230,2016-08-18,572.5025,37.0,0.13998028628829692
231,2016-08-19,573.6638,27.0,0.1481365494296579
232,2016-08-20,580.7025,34.0,0.22253979925303163
233,2016-08-21,580.69,33.0,0.24657150011381532
234,2016-08-22,584.7325,34.0,0.1962635220125788
235,2016-08-23,581.2813,34.0,0.21294155087404695
236,2016-08-24,577.995,37.0,0.27988746282314825
237,2016-08-25,575.7338,30.0,0.20007696522153162
238,2016-08-26,578.1563,38.0,0.14116481481481014
239,2016-08-27,568.6663,28.0,0.23851097230897633
240,2016-08-28,573.555,36.0,0.23438611303344756
241,2016-08-29,572.3613,35.0,0.16967788268380699
242,2016-08-30,575.9988,29.0,0.20455760226395509
243,2016-08-31,572.3338,32.0,0.27151969540526444
244,2016-09-01,571.6938,34.0,0.3388485923823019
245,2016-09-02,574.1475,34.0,0.2287901587964893
246,2016-09-03,598.3838,33.0,0.26827307415406726
247,2016-09-04,608.9175,35.0,0.30963076521285005
248,2016-09-05,606.0275,39.0,0.226076895984971
249,2016-09-06,611.07,38.0,0.2624447919061857
250,2016-09-07,614.7875,36.0,0.3069095108695654
251,2016-09-08,624.9488,39.0,0.25273369033760423
252,2016-09-09,621.7963,36.0,0.2692117964352718
253,2016-09-10,622.2125,32.0,0.28042864812103424
254,2016-09-11,605.8088,36.0,0.22487355316285118
255,2016-09-12,606.3075,35.0,0.23980054336889195
256,2016-09-13,606.9213,38.0,0.29028274376417507
257,2016-09-14,608.22,34.0,0.1753875901517012
258,2016-09-15,605.21,36.0,0.2822328132863611
259,2016-09-16,606.3338,36.0,0.2672311447400507
260,2016-09-17,605.2938,33.0,0.26892283263791983
261,2016-09-18,608.6988,34.0,0.3515082819174131
262,2016-09-19,608.5275,31.0,0.25279100328531734
263,2016-09-20,599.4738,34.0,0.29015824286795683
264,2016-09-21,595.7988,40.0,0.2575968337730834
265,2016-09-22,595.035,38.0,0.18654608532583422
266,2016-09-23,601.7138,34.0,0.19706788902292016
267,2016-09-24,601.3413,33.0,0.24404409860557805
268,2016-09-25,599.1763,30.0,0.25460723163841464
269,2016-09-26,606.8125,31.0,0.27840527142215854
270,2016-09-27,604.7625,34.0,0.25901758921045154
271,2016-09-28,603.5188,33.0,0.23614213353799088
272,2016-09-29,605.0588,38.0,0.22154460648730515
273,2016-09-30,608.4375,34.0,0.1763124211547826
274,2016-10-01,613.9338,32.0,0.22290793727382557
275,2016-10-02,610.2913,22.0,0.25397236055776745
276,2016-10-03,612.3375,26.0,0.24894870160528734
277,2016-10-04,609.375,27.0,0.13587778551532018
278,2016-10-05,610.885,27.0,0.2235647845865663
279,2016-10-06,610.9,24.0,0.21907250589159652
280,2016-10-07,616.4888,27.0,0.3173949987977878
281,2016-10-08,616.5963,25.0,0.4301817229092395
282,2016-10-09,614.6238,26.0,0.24025074980268077
283,2016-10-10,617.4225,28.0,0.32082203931203895
284,2016-10-11,639.3738,30.0,0.25198987341771895
285,2016-10-12,635.0813,34.0,0.17415020852641427
286,2016-10-13,635.02,29.0,0.2884104075523812
287,2016-10-14,638.3675,29.0,0.3039752453914286
288,2016-10-15,637.3713,26.0,0.3209531548311936
289,2016-10-16,639.8275,26.0,0.2678803625377642
290,2016-10-17,636.92,26.0,0.29023776015857183
291,2016-10-18,635.5088,24.0,0.2569891902142991
292,2016-10-19,628.1538,28.0,0.19765111612741756
293,2016-10-20,628.6225,25.0,0.32924796783308363
294,2016-10-21,630.1538,27.0,0.2542977372075108
295,2016-10-22,652.715,26.0,0.2913816814396996
296,2016-10-23,649.245,28.0,0.3105411566390053
297,2016-10-24,648.3988,29.0,0.2540493759750377
298,2016-10-25,652.895,32.0,0.32970459770114685
299,2016-10-26,674.3575,29.0,0.238406361262756
300,2016-10-27,686.52,33.0,0.23730442002441832
301,2016-10-28,688.0963,36.0,0.27467792047419237
302,2016-10-29,712.87,36.0,0.17121941054570278
303,2016-10-30,696.3538,31.0,0.19865881057268878
304,2016-10-31,697.3688,32.0,0.26360431034483073
305,2016-11-01,729.2713,36.0,0.3423355846542645
306,2016-11-02,742.465,37.0,0.31644575796178437
307,2016-11-03,687.5075,36.0,0.1553462585034025
308,2016-11-04,702.5375,34.0,0.25457588668302644
309,2016-11-05,704.1638,33.0,0.30265002544529557
310,2016-11-06,712.2363,34.0,0.3621838224228759
311,2016-11-07,704.0188,29.0,0.33661168471417796
312,2016-11-08,709.1525,33.0,0.2689029879060933
313,2016-11-09,721.1913,46.0,0.2025412417763143
314,2016-11-10,713.6675,33.0,0.326100091806289
315,2016-11-11,716.5563,31.0,0.29357862575400046
316,2016-11-12,703.5463,34.0,0.24651069356872757
317,2016-11-13,702.5038,30.0,0.3262045871559641
318,2016-11-14,706.395,29.0,0.28505038343558237
319,2016-11-15,711.9563,34.0,0.2723411734823453
320,2016-11-16,742.07,35.0,0.2807211923726778
321,2016-11-17,735.4063,37.0,0.3094616493802169
322,2016-11-18,749.6775,36.0,0.29643611111110774
323,2016-11-19,750.6325,33.0,0.32588967538322816
324,2016-11-20,728.6075,35.0,0.30766545701973047
325,2016-11-21,736.7163,32.0,0.2670456850316904
326,2016-11-22,748.225,39.0,0.23285568157033765
327,2016-11-23,741.5963,34.0,0.23327342293518255
328,2016-11-24,736.3988,36.0,0.2764132759401905
329,2016-11-25,738.2775,35.0,0.2628120852017921
330,2016-11-26,732.8238,34.0,0.27221036925719005
331,2016-11-27,728.425,32.0,0.2886441617446596
332,2016-11-28,731.7463,34.0,0.2770546398891962
333,2016-11-29,731.765,37.0,0.2848935241990453
334,2016-11-30,742.0075,34.0,0.29452092828768595
335,2016-12-01,753.255,35.0,0.2683757799066589
336,2016-12-02,771.4075,39.0,0.2788755910987481
337,2016-12-03,764.9725,32.0,0.2157492900120344
338,2016-12-04,766.4638,35.0,0.26347326757713707
339,2016-12-05,750.7088,36.0,0.24575417439703176
340,2016-12-06,758.81,35.0,0.24575417439703176
341,2016-12-07,763.8975,34.0,0.24136034786437413
342,2016-12-08,766.7513,36.0,0.21247764565992713
343,2016-12-09,770.415,30.0,0.2375560606060597
344,2016-12-10,773.2113,31.0,0.25993367932861994
345,2016-12-11,768.6213,34.0,0.2548740791896834
346,2016-12-12,777.9113,35.0,0.25557789041757023
347,2016-12-13,775.25,34.0,0.32379840332458093
348,2016-12-14,776.6363,35.0,0.19567313302852168
349,2016-12-15,775.48,34.0,0.19909723856948633
350,2016-12-16,780.85,36.0,0.19327313835770207
351,2016-12-17,788.5763,30.0,0.2275617837568512
352,2016-12-18,788.5888,33.0,0.19979490812486123
353,2016-12-19,790.1563,38.0,0.201395600251414
354,2016-12-20,798.785,33.0,0.23378224068253248
355,2016-12-21,833.1025,42.0,0.19869815081652073
356,2016-12-22,858.7363,52.0,0.24525213071318144
357,2016-12-23,916.7875,57.0,0.2417966643502441
358,2016-12-24,894.2025,51.0,0.3803939820986488
359,2016-12-25,894.4825,53.0,0.2789772424868068
360,2016-12-26,902.5538,46.0,0.28565759520752965
361,2016-12-27,931.1138,52.0,0.28774697593756476
362,2016-12-28,978.0088,61.0,0.2748666428911065
363,2016-12-29,969.625,53.0,0.2645449744841351
364,2016-12-30,960.4713,52.0,0.295246567967694
365,2016-12-31,968.2275,40.0,0.33399617573412416
366,2017-01-01,997.6888,43.0,0.3135634356370039
367,2017-01-02,1018.05,76.0,0.2987537886100358
368,2017-01-03,1030.8175,68.0,0.32591950648798657
369,2017-01-04,1129.87,87.0,0.20960716715808542
370,2017-01-05,1005.815,100.0,0.21203010118043678
371,2017-01-06,895.67,80.0,0.17373020337515918
372,2017-01-07,905.17,70.0,0.22779589779652834
373,2017-01-08,913.5238,64.0,0.2383007834757835
374,2017-01-09,899.35,62.0,0.09011858590035095
375,2017-01-10,904.7925,56.0,0.2235330971883992
376,2017-01-11,775.9813,63.0,0.16593483258370817
377,2017-01-12,802.8288,64.0,0.16148283294842108
378,2017-01-13,826.1213,55.0,0.16482245206861554
379,2017-01-14,818.6388,52.0,0.2451859378443901
380,2017-01-15,822.4225,46.0,0.23351012026321846
381,2017-01-16,830.2638,43.0,0.24608905295315753
382,2017-01-17,904.4538,50.0,0.22427448979591652
383,2017-01-18,884.2513,48.0,0.15860670430487078
384,2017-01-19,898.0213,45.0,0.22284524466750288
385,2017-01-20,891.6238,44.0,0.28348057024603185
386,2017-01-21,920.0113,40.0,0.33928766271614225
387,2017-01-22,925.3313,41.0,0.303825808080806
388,2017-01-23,912.6875,47.0,0.23127897016361604
389,2017-01-24,885.6475,47.0,0.2543474061264815
390,2017-01-25,894.11,43.0,0.20394077134986183
391,2017-01-26,915.1,40.0,0.14928095544130304
392,2017-01-27,918.5625,39.0,0.17588908722109484
393,2017-01-28,920.28,44.0,0.28239457845712784
394,2017-01-29,914.0438,43.0,0.2898718477762481
395,2017-01-30,920.2413,39.0,0.24261643167028363
396,2017-01-31,967.6675,46.0,0.20980101377697005
397,2017-02-01,987.3463,45.0,0.2052760724753544
398,2017-02-02,1007.795,46.0,0.20125292797846123
399,2017-02-03,1018.1113,49.0,0.1818778508771928
400,2017-02-04,1033.6525,42.0,0.21303184961106236
401,2017-02-05,1013.9938,46.0,0.26559748993606336
402,2017-02-06,1024.6125,44.0,0.23429630955043565
403,2017-02-07,1052.5388,45.0,0.28980180894309004
404,2017-02-08,1054.3438,50.0,0.23965926024481213
405,2017-02-09,988.9475,56.0,0.0693250443000599
406,2017-02-10,993.0788,48.0,0.20004860108303374
407,2017-02-11,1010.0025,48.0,0.2745287361732178
408,2017-02-12,999.5125,45.0,0.28250824842309796
409,2017-02-13,996.8575,37.0,0.22898124536694017
410,2017-02-14,1009.2513,41.0,0.20266932673693192
411,2017-02-15,1009.1163,45.0,0.22788961820083667
412,2017-02-16,1034.0825,43.0,0.2691249710982647
413,2017-02-17,1053.1225,45.0,0.2805265786749463
414,2017-02-18,1058.4063,42.0,0.26824463487332345
415,2017-02-19,1052.8175,43.0,0.2823599307444961
416,2017-02-20,1083.2413,43.0,0.3014773823415061
417,2017-02-21,1123.6563,55.0,0.216464418552543
418,2017-02-22,1122.195,51.0,0.16255256257449163
419,2017-02-23,1178.384,55.0,0.254150936227955
420,2017-02-24,1180.918,67.0,0.15838904633378253
421,2017-02-25,1151.581,60.0,0.18582940087902028
422,2017-02-26,1179.968,49.0,0.20513927954601716
423,2017-02-27,1194.278,56.0,0.17152252293577877
424,2017-02-28,1190.888,53.0,0.24777126463162777
425,2017-03-01,1230.016,59.0,0.25057356076759085
426,2017-03-02,1260.924,63.0,0.2083711832460747
427,2017-03-03,1290.786,87.0,0.2594835099032706
428,2017-03-04,1267.68,68.0,0.22206156987296022
429,2017-03-05,1277.685,56.0,0.24973348027842238
430,2017-03-06,1280.868,62.0,0.22976379516630682
431,2017-03-07,1232.431,66.0,0.24673750000000233
432,2017-03-08,1150.481,67.0,0.19717652432547425
433,2017-03-09,1191.815,67.0,0.2299515254237281
434,2017-03-10,1117.025,94.0,-0.017034183944710228
435,2017-03-11,1181.645,73.0,0.12655833170158642
436,2017-03-12,1229.505,59.0,0.19310182838146517
437,2017-03-13,1243.242,60.0,0.11487312312312283
438,2017-03-14,1246.309,60.0,0.14653287822065683
439,2017-03-15,1259.601,54.0,0.09542410582010528
440,2017-03-16,1172.909,53.0,0.1891708368734066
441,2017-03-17,1070.128,57.0,0.1309175899359957
442,2017-03-18,970.598,73.0,0.11215636787454947
443,2017-03-19,1017.8,64.0,0.1461997952497951
444,2017-03-20,1041.343,58.0,0.15051850683490942
445,2017-03-21,1115.039,60.0,0.14428088268407954
446,2017-03-22,1037.44,58.0,0.14963984264676028
447,2017-03-23,1029.95,52.0,0.1611891596118128
448,2017-03-24,935.946,56.0,0.10773247763516229
449,2017-03-25,964.692,59.0,0.200398938287988
450,2017-03-26,965.229,50.0,0.18206866330390906
451,2017-03-27,1040.491,52.0,0.1796816972767572
452,2017-03-28,1044.251,54.0,0.07164977899389517
453,2017-03-29,1040.392,53.0,0.07712782839787442
454,2017-03-30,1037.527,52.0,0.19803361992945182
455,2017-03-31,1079.748,52.0,0.18936435643564484
456,2017-04-01,1089.511,43.0,0.2693691243243241
457,2017-04-02,1098.776,15.0,0.22463498064222479
458,2017-04-03,1147.631,15.0,0.2146683730569963
459,2017-04-04,1143.746,15.0,0.2167008464613226
460,2017-04-05,1134.998,16.0,0.20213483586477127
461,2017-04-06,1190.597,15.0,0.1860839096045204
462,2017-04-07,1193.019,15.0,0.20464293844856887
463,2017-04-08,1184.824,15.0,0.20641858678955585
464,2017-04-09,1210.055,14.0,0.22507920227920053
465,2017-04-10,1213.339,15.0,0.22442172387872703
466,2017-04-11,1224.767,17.0,0.23933537536199434
467,2017-04-12,1216.505,16.0,0.24735092504743947
468,2017-04-13,1178.533,17.0,0.20383444314185442
469,2017-04-14,1183.44,14.0,0.18792272213429928
470,2017-04-15,1180.699,13.0,0.26086225118483425
471,2017-04-16,1184.787,14.0,0.2685128722867237
472,2017-04-17,1203.731,16.0,0.25153170198820607
473,2017-04-18,1217.596,16.0,0.20897617788461448
474,2017-04-19,1226.939,16.0,0.22629861740707022
475,2017-04-20,1255.403,15.0,0.23124288135593185
476,2017-04-21,1257.135,15.0,0.25479376280446436
477,2017-04-22,1244.375,15.0,0.21812352168199653
478,2017-04-23,1248.2175,13.0,0.266481449080302
479,2017-04-24,1248.325,16.0,0.1984919091847267
480,2017-04-25,1263.545,15.0,0.10795916356470354
481,2017-04-26,1284.845,18.0,0.21196445977011608
482,2017-04-27,1329.19,18.0,0.2232542563143102
483,2017-04-28,1320.0513,16.0,0.17616602104256388
484,2017-04-29,1327.0388,15.0,0.2693604423221924
485,2017-04-30,1347.9588,16.0,0.2097413245306405
486,2017-05-01,1402.0838,21.0,0.22698761229314648
487,2017-05-02,1443.6825,20.0,0.19264446261682158
488,2017-05-03,1491.9988,23.0,0.21988259286234443
489,2017-05-04,1515.6288,29.0,0.22530114219114147
490,2017-05-05,1512.2088,27.0,0.25290283444277595
491,2017-05-06,1548.2863,23.0,0.16577920296167079
492,2017-05-07,1555.4713,23.0,0.21065795136646964
493,2017-05-08,1639.3225,25.0,0.208643280815569
494,2017-05-09,1706.9313,33.0,0.251763902694218
495,2017-05-10,1756.8025,31.0,0.20681695073546638
496,2017-05-11,1807.3725,32.0,0.23585690607735074
497,2017-05-12,1676.9938,38.0,0.10790678004535192
498,2017-05-13,1759.9613,41.0,0.13668766190998963
499,2017-05-14,1772.4163,33.0,0.1780203412662777
500,2017-05-15,1697.3788,47.0,0.12775382052421178
501,2017-05-16,1718.2013,41.0,0.12999644097222338
502,2017-05-17,1802.1638,35.0,0.18469436561793118
503,2017-05-18,1887.3263,31.0,0.2363510173484683
504,2017-05-19,1968.1025,35.0,0.1835922067097307
505,2017-05-20,2051.735,36.0,0.2514820689655182
506,2017-05-21,2055.6175,37.0,0.222657086522849
507,2017-05-22,2139.0275,59.0,0.25432795773030403
508,2017-05-23,2291.4775,61.0,0.2485694234506602
509,2017-05-24,2476.2963,66.0,0.25324380828453763
510,2017-05-25,2357.5038,88.0,0.1745254422362959
511,2017-05-26,2247.4825,71.0,0.20837937999060768
512,2017-05-27,2106.3075,57.0,0.20089223602484663
513,2017-05-28,2207.5775,46.0,0.2196953819700323
514,2017-05-29,2289.87,44.0,0.19421042633090668
515,2017-05-30,2197.2338,44.0,0.19699344997756846
516,2017-05-31,2330.2338,41.0,0.1965006953790924
517,2017-06-01,2452.1813,42.0,0.24816174999999957
518,2017-06-02,2517.4088,35.0,0.28296387128229894
519,2017-06-03,2555.6538,33.0,0.26905903103371226
520,2017-06-04,2552.8088,31.0,0.26475825176417095
521,2017-06-05,2736.595,38.0,0.2740933800271128
522,2017-06-06,2914.0825,50.0,0.23222665808113313
523,2017-06-07,2694.2188,47.0,0.23073681318681324
524,2017-06-08,2825.0313,40.0,0.2450909480812643
525,2017-06-09,2826.7,38.0,0.24598515909643107
526,2017-06-10,2942.345,35.0,0.23997936135243098
527,2017-06-11,3018.545,38.0,0.24061267474370798
528,2017-06-12,2682.595,49.0,0.17193355306526154
529,2017-06-13,2738.9313,44.0,0.2197745227272728
530,2017-06-14,2494.485,41.0,0.13585343527891372
531,2017-06-15,2456.9238,51.0,0.16832363074204923
532,2017-06-16,2528.1025,44.0,0.2474871015567072
533,2017-06-17,2663.9975,35.0,0.26100542548401484
534,2017-06-18,2576.1713,32.0,0.24334596792410138
535,2017-06-19,2641.665,32.0,0.21847245042492766
536,2017-06-20,2778.8275,36.0,0.2111002661343999
537,2017-06-21,2712.1575,39.0,0.21229879465264237
538,2017-06-22,2740.79,36.0,0.2721461200923784
539,2017-06-23,2738.225,35.0,0.24827057208238093
540,2017-06-24,2619.1188,33.0,0.27379851977675596
541,2017-06-25,2594.4538,30.0,0.23300827239488123
542,2017-06-26,2485.3588,39.0,0.16743774520370813
543,2017-06-27,2593.17,42.0,0.13407678532430625
544,2017-06-28,2584.5638,41.0,0.20711060606060655
545,2017-06-29,2561.5613,35.0,0.19953364184244535
546,2017-06-30,2499.9838,30.0,0.15017827489782853
547,2017-07-01,2460.2,30.0,0.19866005721830912
548,2017-07-02,2529.7838,30.0,0.19516655003499014
549,2017-07-03,2581.0663,31.0,0.2027034523250363
550,2017-07-04,2625.0713,30.0,0.24330772813889529
551,2017-07-05,2629.2725,31.0,0.10229331262939999
552,2017-07-06,2619.1125,31.0,0.19578638487680702
553,2017-07-07,2521.2363,27.0,0.24063736335811084
554,2017-07-08,2579.9338,28.0,0.2582025800506789
555,2017-07-09,2525.675,27.0,0.2776638620109389
556,2017-07-10,2371.96,31.0,0.20464349584841712
557,2017-07-11,2332.1875,37.0,0.1759741594827598
558,2017-07-12,2423.16,35.0,0.24841227883180916
559,2017-07-13,2364.5163,32.0,0.23066498510004163
560,2017-07-14,2232.655,33.0,0.1268300021083709
561,2017-07-15,1993.2588,37.0,0.15656311909698245
562,2017-07-16,1938.9425,42.0,0.1535863096478438
563,2017-07-17,2244.265,38.0,0.13515932504440473
564,2017-07-18,2327.8975,39.0,0.19389564753573663
565,2017-07-19,2294.405,34.0,0.18072563613231596
566,2017-07-20,2877.3863,39.0,0.22288108397600878
567,2017-07-21,2694.2913,39.0,0.2296888175113018
568,2017-07-22,2838.81,33.0,0.1826639233370897
569,2017-07-23,2762.6263,35.0,0.22032683972912195
570,2017-07-24,2779.0438,33.0,0.21445863292336856
571,2017-07-25,2591.2163,37.0,0.19361278077268537
572,2017-07-26,2550.18,35.0,0.04017714793600676
573,2017-07-27,2697.4725,35.0,0.1588362519544341
574,2017-07-28,2805.1788,39.0,0.16830523457862737
575,2017-07-29,2720.08,35.0,0.15836668325453954
576,2017-07-30,2746.3263,31.0,0.16616664160400943
577,2017-07-31,2873.8325,42.0,0.09699607134249176
578,2017-08-01,2735.5875,69.0,0.11246644596831233
579,2017-08-02,2723.58,62.0,0.13220343452249148
580,2017-08-03,2814.3613,43.0,0.1331208139534881
581,2017-08-04,2883.6813,40.0,0.13587610203070855
582,2017-08-05,3301.7588,52.0,0.1926819790628119
583,2017-08-06,3255.0025,41.0,0.16333628177966
584,2017-08-07,3431.9688,49.0,0.22031162094763213
585,2017-08-08,3453.1625,54.0,0.17819184745375596
586,2017-08-09,3377.5438,44.0,0.2089081048289233
587,2017-08-10,3445.28,43.0,0.21387116930256825
588,2017-08-11,3679.6075,47.0,0.2330556383252008
589,2017-08-12,3917.6488,54.0,0.21923964511424415
590,2017-08-13,4111.1963,69.0,0.21594478989555407
591,2017-08-14,4382.7413,70.0,0.2118883809099046
592,2017-08-15,4204.43,74.0,0.24302274319590272
593,2017-08-16,4425.2963,61.0,0.20372148302148274
594,2017-08-17,4316.34,60.0,0.19222469135802284
595,2017-08-18,4159.4575,64.0,0.20017836202885006
596,2017-08-19,4206.1313,58.0,0.25898564266180424
597,2017-08-20,4111.22,53.0,0.226059302609118
598,2017-08-21,4054.9425,52.0,0.23284673295454583
599,2017-08-22,4137.6725,58.0,0.16046626281453916
600,2017-08-23,4191.2175,54.0,0.19574835096453044
601,2017-08-24,4362.475,52.0,0.22701388012618184
602,2017-08-25,4408.3238,55.0,0.21250758122743854
603,2017-08-26,4387.4613,47.0,0.2263418511957458
604,2017-08-27,4394.515,42.0,0.21995301177013635
605,2017-08-28,4439.6588,46.0,0.22138821042743106
606,2017-08-29,4648.1338,53.0,0.20665831971995294
607,2017-08-30,4630.7275,57.0,0.2287164438189075
608,2017-08-31,4764.8675,60.0,0.17977928449014619
609,2017-09-01,4950.7238,67.0,0.2378899420160551
610,2017-09-02,4643.975,62.0,0.2613319636884848
611,2017-09-03,4631.695,56.0,0.22258408631153132
612,2017-09-04,4319.7213,65.0,0.11290411778237883
613,2017-09-05,4422.1213,67.0,0.19474968332160497
614,2017-09-06,4626.72,61.0,0.17641460396039643
615,2017-09-07,4638.0975,52.0,0.23436470009832905
616,2017-09-08,4317.5375,57.0,0.12725416579223336
617,2017-09-09,4291.88,49.0,0.19822847941108826
618,2017-09-10,4191.175,47.0,0.20509063373718572
619,2017-09-11,4188.845,50.0,0.15718111967361656
620,2017-09-12,4148.2675,54.0,-0.08035682819383216
621,2017-09-13,3874.2588,72.0,0.04820264264264239
622,2017-09-14,3226.4125,88.0,0.06465122756344192
623,2017-09-15,3686.9,100.0,0.14954028985507317
624,2017-09-16,3678.7375,64.0,0.14558649003722385
625,2017-09-17,3672.5663,53.0,0.1607217761557171
626,2017-09-18,4067.0775,61.0,0.13702217984745205
627,2017-09-19,3896.9988,57.0,0.12522113299402535
628,2017-09-20,3858.0888,48.0,0.2007176131322108
629,2017-09-21,3612.6813,51.0,0.14495104881000426
630,2017-09-22,3603.3088,48.0,0.13841307232913025
631,2017-09-23,3777.2938,36.0,0.1833731896934702
632,2017-09-24,3662.12,37.0,0.20131970705725527
633,2017-09-25,3927.4988,43.0,0.2250394224458548
634,2017-09-26,3895.5125,41.0,0.18159273323956762
635,2017-09-27,4208.5613,45.0,0.19871009824080302
636,2017-09-28,4185.2925,43.0,0.124626095487248
637,2017-09-29,4164.1038,41.0,0.19145490283671981
638,2017-09-30,4353.0475,39.0,0.22442495906432763
639,2017-10-01,4394.6388,38.0,0.2317348247232475
640,2017-10-02,4404.0975,8.0,0.18690172498767962
641,2017-10-03,4320.09,8.0,0.2071167940876647
642,2017-10-04,4225.9238,8.0,0.1819251709986321
643,2017-10-05,4322.755,7.0,0.21243207622868418
644,2017-10-06,4370.245,7.0,0.14636010424070137
645,2017-10-07,4437.0338,7.0,0.2251075355450231
646,2017-10-08,4596.9625,7.0,0.1903700487578356
647,2017-10-09,4772.975,9.0,0.13633657570422525
648,2017-10-10,4754.6988,9.0,0.07596780269058286
649,2017-10-11,4830.7663,9.0,0.20735985564957732
650,2017-10-12,5439.1338,14.0,0.20089376896149383
651,2017-10-13,5640.1275,18.0,0.14476283428090225
652,2017-10-14,5809.6938,13.0,0.21760234796900627
653,2017-10-15,5697.3917,12.0,0.2014366605335785
654,2017-10-16,5754.2213,11.0,0.21692995763566567
655,2017-10-17,5595.235,11.0,0.1805718576709787
656,2017-10-18,5572.1988,11.0,0.1987632048872189
657,2017-10-19,5699.5838,11.0,0.15672718332943278
658,2017-10-20,5984.0863,13.0,0.18366786945529787
659,2017-10-21,6013.2288,15.0,0.19523464310625555
660,2017-10-22,5984.9563,12.0,0.25837242327072996
661,2017-10-23,5895.2988,14.0,0.16091314490802852
662,2017-10-24,5518.85,14.0,0.1861750216076062
663,2017-10-25,5733.9038,14.0,0.19084269207378787
664,2017-10-26,5888.145,13.0,0.21476867469879404
665,2017-10-27,5767.68,11.0,0.20236428132048215
666,2017-10-28,5732.825,9.0,0.21101735865724303
667,2017-10-29,6140.5313,10.0,0.14732958086460404
668,2017-10-30,6121.8,13.0,0.18240606330806922
669,2017-10-31,6447.6675,14.0,0.20631318407960214
670,2017-11-01,6750.1725,18.0,0.2147916509335011
671,2017-11-02,7030.0025,23.0,0.1904676451818758
672,2017-11-03,7161.4513,20.0,0.18782012692656497
673,2017-11-04,7386.9988,16.0,0.20173294296248107
674,2017-11-05,7382.4488,16.0,0.18187300286767688
675,2017-11-06,6958.2113,18.0,0.18775837716002938
676,2017-11-07,7118.8013,16.0,0.1901932081240447
677,2017-11-08,7458.795,17.0,0.07924730250481599
678,2017-11-09,7146.7813,17.0,0.15689920601755072
679,2017-11-10,6570.3125,20.0,0.13971510926118733
680,2017-11-11,6337.0,19.0,0.1592071487946793
681,2017-11-12,5857.3175,23.0,0.15002320750948847
682,2017-11-13,6517.6763,20.0,0.1893030849446026
683,2017-11-14,6598.7688,17.0,0.17975506590596152
684,2017-11-15,7279.0013,16.0,0.21071466198419667
685,2017-11-16,7843.9375,17.0,0.2317929046563205
686,2017-11-17,7689.9088,19.0,0.22802962893553153
687,2017-11-18,7776.94,15.0,0.26661720453088344
688,2017-11-19,8033.9363,14.0,0.24288527432184484
689,2017-11-20,8238.2025,19.0,0.20051007273528795
690,2017-11-21,8095.5938,20.0,0.1596215570085808
691,2017-11-22,8230.6925,17.0,0.23240918139346
692,2017-11-23,8002.6413,15.0,0.24462320190641362
693,2017-11-24,8201.4613,15.0,0.22042653715201185
694,2017-11-25,8763.785,16.0,0.2525725202213694
695,2017-11-26,9326.5888,23.0,0.26252608328049126
696,2017-11-27,9739.055,33.0,0.19798199105145123
697,2017-11-28,9908.2288,36.0,0.20769783363989336
698,2017-11-29,9816.3475,62.0,0.13983135888501735
699,2017-11-30,9916.5363,48.0,0.18198906471900944
700,2017-12-01,10859.5625,37.0,0.26216134344528996
701,2017-12-02,10895.0138,29.0,0.2609687565747952
702,2017-12-03,11180.8875,29.0,0.1991514405647791
703,2017-12-04,11616.855,34.0,0.22447292661745505
704,2017-12-05,11696.0583,34.0,0.22620594646271489
705,2017-12-06,13708.9913,46.0,0.14389755744526822
706,2017-12-07,16858.02,95.0,0.16023485501567408
707,2017-12-08,16057.145,83.0,0.16567184761904782
708,2017-12-09,14913.4038,57.0,0.21008681214421399
709,2017-12-10,15036.9563,52.0,0.22025705933304404
710,2017-12-11,16699.6775,61.0,0.1740390472312709
711,2017-12-12,17178.1025,57.0,0.1420204652922252
712,2017-12-13,16407.2025,54.0,0.23519023191823982
713,2017-12-14,16531.0838,46.0,0.20670592829961854
714,2017-12-15,17601.9438,42.0,0.19649139567764198
715,2017-12-16,19343.04,40.0,0.18786833164812902
716,2017-12-17,19086.6438,45.0,0.19020869842620122
717,2017-12-18,18960.5225,47.0,0.21073121660501362
718,2017-12-19,17608.35,52.0,0.15685406786590286
719,2017-12-20,16454.7225,69.0,0.11820724497681624
720,2017-12-21,15561.05,53.0,0.18968901985111497
721,2017-12-22,13857.145,100.0,0.12924438725004922
722,2017-12-23,14548.71,61.0,0.15975025662081693
723,2017-12-24,13975.4363,46.0,0.23396577751432324
724,2017-12-25,13917.0275,40.0,0.22336022044088133
725,2017-12-26,15745.2575,39.0,0.12998816410256553
726,2017-12-27,15378.285,37.0,0.2102579078974779
727,2017-12-28,14428.76,37.0,0.1598859409519989
728,2017-12-29,14427.87,33.0,0.27275178162117203
729,2017-12-30,12629.8138,33.0,0.2483321091711833
730,2017-12-31,13860.1363,26.0,0.25663609625668365
731,2018-01-01,13412.44,25.0,0.25009948010397887
732,2018-01-02,14740.7563,32.0,0.22849149065800164
733,2018-01-03,15134.6513,31.0,0.2174731549417349
734,2018-01-04,15155.2263,31.0,0.18625357010040883
735,2018-01-05,16937.1738,30.0,0.22369517098445618
736,2018-01-06,17135.8363,27.0,0.26516219771716126
737,2018-01-07,16178.495,25.0,0.24576978402607905
738,2018-01-08,14970.3575,29.0,0.2085233626962851
739,2018-01-09,14439.4738,27.0,0.19504281524926506
740,2018-01-10,14890.7225,28.0,0.1868226278760212
741,2018-01-11,13287.26,31.0,0.18493159144893082
742,2018-01-12,13812.715,26.0,0.21942346368715057
743,2018-01-13,14188.785,23.0,0.23487746283448832
744,2018-01-14,13619.0288,22.0,0.1849058225869487
745,2018-01-15,13585.9013,21.0,0.20211842362605117
746,2018-01-16,11348.02,44.0,0.153524363932425
747,2018-01-17,11141.2488,55.0,0.1814822342417314
748,2018-01-18,11250.6475,39.0,0.1979917137096789
749,2018-01-19,11514.925,29.0,0.1789334702660413
750,2018-01-20,12759.6413,24.0,0.2542128365197049
751,2018-01-21,11522.8588,21.0,0.2684869582194427
752,2018-01-22,10772.15,27.0,0.18438210999795554
753,2018-01-23,10839.8263,25.0,0.2327097861063793
754,2018-01-24,11399.52,23.0,0.24953387160299476
755,2018-01-25,11137.2375,21.0,0.2583836461126007
756,2018-01-26,11090.0638,22.0,0.22664900531810153
757,2018-01-27,11407.1538,19.0,0.27950312435340396
758,2018-01-28,11694.4675,17.0,0.25753833266853005
759,2018-01-29,11158.3938,19.0,0.23200051663566862
760,2018-01-30,10034.9975,20.0,0.1846899959497792
761,2018-01-31,10166.5063,22.0,0.1821772159672476
762,2018-02-01,9052.5763,28.0,0.20476189311253445
763,2018-02-02,8827.63,36.0,0.16585930037704286
764,2018-02-03,9224.3913,24.0,0.2221112613521693
765,2018-02-04,8186.6488,21.0,0.20624537610204133
766,2018-02-05,6914.26,38.0,0.04460287557603746
767,2018-02-06,7700.3863,45.0,0.19358035008469857
768,2018-02-07,7581.8038,29.0,0.20630810473815306
769,2018-02-08,8237.2363,25.0,0.20736412092283296
770,2018-02-09,8689.8388,21.0,0.18991167093091924
771,2018-02-10,8556.6125,17.0,0.1889587104773696
772,2018-02-11,8070.7963,16.0,0.240190313272876
773,2018-02-12,8891.2125,17.0,0.2346659934720512
774,2018-02-13,8516.2438,16.0,0.21476133307721626
775,2018-02-14,9477.84,17.0,0.25771050833835557
776,2018-02-15,10016.4888,17.0,0.23459320427505445
777,2018-02-16,10178.7125,16.0,0.2442325757575756
778,2018-02-17,11092.1475,14.0,0.25512869710934327
779,2018-02-18,10396.63,15.0,0.1728035487708173
780,2018-02-19,11159.7238,14.0,0.22743210047468232
781,2018-02-20,11228.2413,16.0,0.21800922310756837
782,2018-02-21,10456.1725,16.0,0.1728416288737727
783,2018-02-22,9830.4263,15.0,0.2587096542074765
784,2018-02-23,10149.4625,13.0,0.2883252084160371
785,2018-02-24,9682.3825,12.0,0.3006640719773566
786,2018-02-25,9586.46,11.0,0.3076526008182364
787,2018-02-26,10313.0825,13.0,0.25341144787644787
788,2018-02-27,10564.4188,12.0,0.2742399539435818
789,2018-02-28,10309.6413,12.0,0.24557538038884105
790,2018-03-01,10907.59,11.0,0.28455444902769805
791,2018-03-02,11019.5213,11.0,0.20104287403902946
792,2018-03-03,11438.6513,11.0,0.25751597397145215
793,2018-03-04,11479.7313,9.0,0.2663104462474659
794,2018-03-05,11432.9825,11.0,0.2326142710472283
795,2018-03-06,10709.5275,11.0,0.2256601497672542
796,2018-03-07,9906.8,13.0,0.18050942323314226
797,2018-03-08,9299.2838,12.0,0.21501057864386458
798,2018-03-09,9237.05,14.0,0.2201191907051281
799,2018-03-10,8787.1638,10.0,0.2189710668327103
800,2018-03-11,9532.7413,9.0,0.24154374594944947
801,2018-03-12,9118.2713,11.0,0.20853575058639462
802,2018-03-13,9144.1475,10.0,0.28052522261337726
803,2018-03-14,8196.8975,12.0,0.18782068131424992
804,2018-03-15,8256.9938,14.0,0.22606945431737469
805,2018-03-16,8269.3275,12.0,0.21118740289733373
806,2018-03-17,7862.1088,10.0,0.2366609048228766
807,2018-03-18,8196.0225,12.0,0.21725966782858327
808,2018-03-19,8594.1913,12.0,0.2509965389369591
809,2018-03-20,8915.9038,11.0,0.21592250256410314
810,2018-03-21,8895.4,11.0,0.23169169729729677
811,2018-03-22,8712.8913,10.0,0.23546539034248135
812,2018-03-23,8918.7438,9.0,0.26347894175378445
813,2018-03-24,8535.8938,9.0,0.26261675749318747
814,2018-03-25,8449.835,8.0,0.2828112660220366
815,2018-03-26,8138.3363,11.0,0.2219363483027622
816,2018-03-27,7790.1575,10.0,0.28147629284120834
817,2018-03-28,7937.205,10.0,0.3023157388456839
818,2018-03-29,7086.4875,11.0,0.1947909659205476
819,2018-03-30,6844.3213,14.0,0.228817827476039
820,2018-03-31,6926.0175,10.0,0.23053158546655628
821,2018-04-01,6816.74,11.0,0.2421662121212121
822,2018-04-02,7049.7938,100.0,0.22717218441273415
823,2018-04-03,7417.8875,90.0,0.20103091496232547
824,2018-04-04,6789.3013,84.0,0.2100665854198975
825,2018-04-05,6774.7513,94.0,0.18898574441163998
826,2018-04-06,6620.4088,94.0,0.22717709184770837
827,2018-04-07,6896.2813,79.0,0.2366626352641632
828,2018-04-08,7022.7088,73.0,0.20463378758381895
829,2018-04-09,6773.9388,83.0,0.17876601224403543
830,2018-04-10,6830.9038,80.0,0.2210484848484852
831,2018-04-11,6939.55,73.0,0.21431596162232855
832,2018-04-12,7916.3725,94.0,0.2549841569137407
833,2018-04-13,7889.2313,98.0,0.23955866429997716
834,2018-04-14,8003.6813,71.0,0.30744788673745305
835,2018-04-15,8357.0375,75.0,0.291013893728224
836,2018-04-16,8051.345,74.0,0.2643319609967492
837,2018-04-17,7890.15,74.0,0.19990737553779855
838,2018-04-18,8163.69,73.0,0.17424314427860665
839,2018-04-19,8273.7413,77.0,0.2459215844609336
840,2018-04-20,8863.5025,79.0,0.26057381370826077
841,2018-04-21,8917.5963,74.0,0.2754031317494603
842,2018-04-22,8792.83,69.0,0.2775017477876104
843,2018-04-23,8938.3038,78.0,0.21863366560942454
844,2018-04-24,9652.1563,93.0,0.22373294314381367
845,2018-04-25,8864.0875,89.0,0.20400294374182298
846,2018-04-26,9278.9975,73.0,0.2417894174121753
847,2018-04-27,8978.3325,74.0,0.24871186085498653
848,2018-04-28,9342.4713,64.0,0.2840504199870786
849,2018-04-29,9392.0313,65.0,0.27179154837300723
850,2018-04-30,9244.3225,70.0,0.25235376814475824
851,2018-05-01,9067.715,66.0,0.26123530595812977
852,2018-05-02,9219.8638,63.0,0.26647237988826833
853,2018-05-03,9734.675,69.0,0.2559433620499216
854,2018-05-04,9692.7175,65.0,0.21974355727996567
855,2018-05-05,9826.5975,68.0,0.21146795716639197
856,2018-05-06,9619.1438,57.0,0.22417662852112608
857,2018-05-07,9362.5338,70.0,0.16266080548058925
858,2018-05-08,9180.1588,67.0,0.23478909887070967
859,2018-05-09,9306.0,63.0,0.25694069901126776
860,2018-05-10,9014.615,63.0,0.2546114818880368
861,2018-05-11,8406.175,74.0,0.20826295811518478
862,2018-05-12,8467.6563,62.0,0.23921648558294933
863,2018-05-13,8688.0288,58.0,0.3048550041528248
864,2018-05-14,8675.2063,66.0,0.26310517979452047
865,2018-05-15,8474.2388,61.0,0.24260560747663576
866,2018-05-16,8340.2988,59.0,0.24786625916870264
867,2018-05-17,8058.6038,60.0,0.21608718603661178
868,2018-05-18,8240.725,59.0,0.2536090177465965
869,2018-05-19,8234.1525,49.0,0.24938204790155913
870,2018-05-20,8520.8125,53.0,0.28331598107774447
871,2018-05-21,8395.2325,59.0,0.22661949685534574
872,2018-05-22,7983.5175,58.0,0.26368686219365195
873,2018-05-23,7502.5588,75.0,0.2341883097383097
874,2018-05-24,7578.6913,69.0,0.17001056235733492
875,2018-05-25,7460.6938,57.0,0.2173251365015166
876,2018-05-26,7334.1638,49.0,0.24829682670512987
877,2018-05-27,7344.9675,51.0,0.258405260969016
878,2018-05-28,7105.6725,57.0,0.2075684188655722
879,2018-05-29,7460.5838,61.0,0.20675567136725972
880,2018-05-30,7375.67,58.0,0.2475285773026328
881,2018-05-31,7487.1875,55.0,0.2845994663382601
882,2018-06-01,7518.245,51.0,0.2829003273992213
883,2018-06-02,7636.1938,47.0,0.2833656485265664
884,2018-06-03,7711.365,52.0,0.26126633354153805
885,2018-06-04,7490.59,53.0,0.26991043103448364
886,2018-06-05,7616.8913,54.0,0.25306224066390004
887,2018-06-06,7655.9788,53.0,0.25518340526543076
888,2018-06-07,7688.0038,50.0,0.2750019652461727
889,2018-06-08,7616.1025,45.0,0.25577912371133904
890,2018-06-09,7497.3438,42.0,0.24758096900020565
891,2018-06-10,6765.8013,62.0,0.18696256651657936
892,2018-06-11,6877.1825,81.0,0.16834428066037707
893,2018-06-12,6548.33,68.0,0.1788839691638672
894,2018-06-13,6299.5225,78.0,0.16134628051142866
895,2018-06-14,6637.7388,67.0,0.20854168324711592
896,2018-06-15,6410.7225,53.0,0.24749235964542068
897,2018-06-16,6485.8688,50.0,0.2158327593537425
898,2018-06-17,6443.6725,48.0,0.2736939669771377
899,2018-06-18,6709.48,53.0,0.2579093092454828
900,2018-06-19,6737.4138,59.0,0.24060917239941648
901,2018-06-20,6758.3788,57.0,0.2552675349031037
902,2018-06-21,6717.2025,52.0,0.25736972366840233
903,2018-06-22,6053.8963,62.0,0.11969041507920633
904,2018-06-23,6170.56,54.0,0.249317251939566
905,2018-06-24,6150.1888,61.0,0.22025779685264527
906,2018-06-25,6247.4675,57.0,0.18050695789681653
907,2018-06-26,6074.9175,53.0,0.23060394190871397
908,2018-06-27,6132.5625,52.0,0.24975634417995085
909,2018-06-28,5848.2638,50.0,0.24537047135912107
910,2018-06-29,6203.9013,66.0,0.19758551362683416
911,2018-06-30,6387.3063,60.0,0.279148433228179
912,2018-07-01,6347.8588,53.0,0.2466445699391832
913,2018-07-02,6613.27,57.0,0.20761533755735181
914,2018-07-03,6504.9263,55.0,0.2709936040165873
915,2018-07-04,6584.7663,53.0,0.3008254493643094
916,2018-07-05,6531.2,56.0,0.23104599957779146
917,2018-07-06,6600.9863,48.0,0.27771716352476866
918,2018-07-07,6755.5613,42.0,0.26080784815525615
919,2018-07-08,6704.1825,47.0,0.2868538747810843
920,2018-07-09,6664.2063,49.0,0.262957004219408
921,2018-07-10,6302.49,52.0,0.2097625332514826
922,2018-07-11,6381.8725,45.0,0.23487772963604936
923,2018-07-12,6245.6338,52.0,0.2510982545764149
924,2018-07-13,6217.6063,49.0,0.1971475990396157
925,2018-07-14,6247.2275,46.0,0.26342193222479143
926,2018-07-15,6349.0375,38.0,0.28125632661996286
927,2018-07-16,6726.405,53.0,0.24512176044330583
928,2018-07-17,7314.9425,67.0,0.29372965396408246
929,2018-07-18,7378.7575,73.0,0.24046838531720716
930,2018-07-19,7470.825,65.0,0.29636347079757047
931,2018-07-20,7330.5363,58.0,0.25856007744039233
932,2018-07-21,7404.2875,48.0,0.2944738090151677
933,2018-07-22,7396.2863,49.0,0.2611909814894529
934,2018-07-23,7717.5,61.0,0.2346311447452566
935,2018-07-24,8397.635,79.0,0.2526476741738585
936,2018-07-25,8166.76,74.0,0.2717156039926624
937,2018-07-26,7929.61,64.0,0.09397987760979097
938,2018-07-27,8183.025,61.0,0.24346218159408348
939,2018-07-28,8229.96,50.0,0.2788035866780525
940,2018-07-29,8215.56,46.0,0.30380694745983494
941,2018-07-30,8167.9988,59.0,0.22351398827572427
942,2018-07-31,7726.8913,62.0,0.24397460186142553
943,2018-08-01,7603.7488,57.0,0.2307009181636723
944,2018-08-02,7535.02,52.0,0.2111321472644995
945,2018-08-03,7415.5613,55.0,0.2646093252305106
946,2018-08-04,7009.0888,54.0,0.2351689887640434
947,2018-08-05,7026.9913,51.0,0.2695838729383011
948,2018-08-06,6937.0738,58.0,0.2305887368421041
949,2018-08-07,6717.2088,59.0,0.2123147800708761
950,2018-08-08,6280.58,71.0,0.17893226016967595
951,2018-08-09,6537.9025,60.0,0.25566915769474274
952,2018-08-10,6143.305,56.0,0.19625140690480872
953,2018-08-11,6233.3813,56.0,0.22519194368400264
954,2018-08-12,6312.8338,50.0,0.26368636091724723
955,2018-08-13,6252.37,59.0,0.1738194405027372
956,2018-08-14,6192.3063,72.0,0.17363032355154268
957,2018-08-15,6270.0425,66.0,0.19803891312971028
958,2018-08-16,6314.2413,55.0,0.2235111289674561
959,2018-08-17,6583.2388,54.0,0.227426333734454
960,2018-08-18,6395.3525,46.0,0.2378017850137302
961,2018-08-19,6485.7463,45.0,0.202249554543652
962,2018-08-20,6256.6063,50.0,0.18820841033377192
963,2018-08-21,6477.3763,52.0,0.21002876571193022
964,2018-08-22,6357.5875,59.0,0.10601385731085883
965,2018-08-23,6525.6088,52.0,0.14219844748858337
966,2018-08-24,6692.6213,50.0,0.2124904549854779
967,2018-08-25,6732.5025,45.0,0.2158468310620806
968,2018-08-26,6707.6325,43.0,0.2575532569488645
969,2018-08-27,6907.6613,49.0,0.21405826977117623
970,2018-08-28,7076.745,63.0,0.23115229556650183
971,2018-08-29,7035.8125,54.0,0.2794546933667078
972,2018-08-30,6982.4,55.0,0.21664604442712124
973,2018-08-31,7013.9738,50.0,0.2620333880903491
974,2018-09-01,7192.2988,50.0,0.2561887341005451
975,2018-09-02,7295.13,53.0,0.2462559848484839
976,2018-09-03,7261.4863,53.0,0.2106317647058801
977,2018-09-04,7358.4963,57.0,0.23033660714285506
978,2018-09-05,6687.0125,64.0,0.18294674647615256
979,2018-09-06,6498.6188,74.0,0.20932372849309872
980,2018-09-07,6396.2688,60.0,0.2318036494962943
981,2018-09-08,6183.38,48.0,0.22240299647473552
982,2018-09-09,6238.54,49.0,0.22827716597592318
983,2018-09-10,6305.5738,51.0,0.21507909474491715
984,2018-09-11,6282.9213,53.0,0.21007116508400248
985,2018-09-12,6328.93,61.0,0.23880019267822694
986,2018-09-13,6486.6213,54.0,0.2199040081799586
987,2018-09-14,6492.375,50.0,0.2691926642482868
988,2018-09-15,6515.8988,45.0,0.2473877054048704
989,2018-09-16,6497.3663,43.0,0.2675786038826926
990,2018-09-17,6251.16,48.0,0.24113640104751116
991,2018-09-18,6334.1963,48.0,0.2182724649298596
992,2018-09-19,6388.9788,46.0,0.20684566353187034
993,2018-09-20,6491.64,47.0,0.2558946042451871
994,2018-09-21,6753.18,52.0,0.2166060402684544
995,2018-09-22,6712.1675,43.0,0.30267553481135867
996,2018-09-23,6701.2975,43.0,0.3058784331968743
997,2018-09-24,6581.51,46.0,0.29357320494033556
998,2018-09-25,6434.6488,48.0,0.26680499807766206
999,2018-09-26,6458.6525,48.0,0.2868769906206342
1000,2018-09-27,6684.1313,45.0,0.24293471091205268
1001,2018-09-28,6621.665,48.0,0.2777529611166498
1002,2018-09-29,6583.7713,37.0,0.3169031717888077
1003,2018-09-30,6606.085,38.0,0.2772349098196394
1004,2018-10-01,6578.7938,39.0,0.2546753769841256
1005,2018-10-02,6506.6575,38.0,0.22001901170867105
1006,2018-10-03,6470.7138,40.0,0.2810420944135226
1007,2018-10-04,6555.875,41.0,0.2510073770491802
1008,2018-10-05,6589.4038,38.0,0.2416131392763293
1009,2018-10-06,6563.425,35.0,0.2623320747295955
1010,2018-10-07,6582.4013,32.0,0.2630979367527951
1011,2018-10-08,6622.4013,40.0,0.26556461355056543
1012,2018-10-09,6606.8825,38.0,0.28495806648990435
1013,2018-10-10,6550.7313,45.0,0.2435945300462261
1014,2018-10-11,6177.2338,53.0,0.230714332561728
1015,2018-10-12,6211.6688,43.0,0.2043640168201835
1016,2018-10-13,6227.51,34.0,0.26302598733233934
1017,2018-10-14,6222.215,33.0,0.2506660344827586
1018,2018-10-15,6513.3838,49.0,0.2392834238583799
1019,2018-10-16,6531.3625,44.0,0.23977256217923562
1020,2018-10-17,6514.6413,42.0,0.26231274628066015
1021,2018-10-18,6450.785,39.0,0.24658706076891113
1022,2018-10-19,6418.8525,39.0,0.2609676719889591
1023,2018-10-20,6455.485,34.0,0.32190672400312526
1024,2018-10-21,6453.82,34.0,0.28066606380816816
1025,2018-10-22,6448.0988,37.0,0.2832236729949633
1026,2018-10-23,6434.2538,38.0,0.29283525485436834
1027,2018-10-24,6450.31,38.0,0.27800728643215955
1028,2018-10-25,6427.3975,36.0,0.2819426342811995
1029,2018-10-26,6436.9713,35.0,0.2672529485570886
1030,2018-10-27,6431.0888,31.0,0.29433861367127623
1031,2018-10-28,6426.55,31.0,0.3060852417302809
1032,2018-10-29,6285.2338,39.0,0.20744592564053124
1033,2018-10-30,6283.5263,36.0,0.24966485514107017
1034,2018-10-31,6320.4588,36.0,0.28587162485065676
1035,2018-11-01,6358.4,39.0,0.2843098894348889
1036,2018-11-02,6368.855,36.0,0.25083245908104823
1037,2018-11-03,6346.8063,33.0,0.276620579494799
1038,2018-11-04,6439.4788,39.0,0.2858406920275192
1039,2018-11-05,6420.865,42.0,0.22313495015337265
1040,2018-11-06,6465.9875,41.0,0.2477883376675322
1041,2018-11-07,6520.1088,41.0,0.2996748224151523
1042,2018-11-08,6425.2638,36.0,0.22992983467896969
1043,2018-11-09,6353.8763,39.0,0.18576329849012727
1044,2018-11-10,6368.675,30.0,0.22206437776495402
1045,2018-11-11,6380.815,32.0,0.24773742667188117
1046,2018-11-12,6356.0238,36.0,0.20614606679035186
1047,2018-11-13,6307.245,40.0,0.17430321920357117
1048,2018-11-14,5681.9813,62.0,0.07716888974556689
1049,2018-11-15,5620.8775,65.0,0.09261368347092838
1050,2018-11-16,5548.2338,54.0,0.14545745454545356
1051,2018-11-17,5536.0713,45.0,0.1689804583182966
1052,2018-11-18,5582.7,41.0,0.2189721500457454
1053,2018-11-19,4785.1538,67.0,0.14760374976085652
1054,2018-11-20,4413.8025,100.0,0.12640374796306325
1055,2018-11-21,4574.3588,75.0,0.1548213664136272
1056,2018-11-22,4289.6888,56.0,0.21837042253521163
1057,2018-11-23,4319.9938,61.0,0.1656441790483359
1058,2018-11-24,3815.9213,54.0,0.1558332708879735
1059,2018-11-25,3976.5713,76.0,0.21150715073529408
1060,2018-11-26,3761.4213,80.0,0.1426501458789206
1061,2018-11-27,3800.1963,76.0,0.22403271889400797
1062,2018-11-28,4241.575,68.0,0.23031894010076312
1063,2018-11-29,4263.875,61.0,0.2188091838597771
1064,2018-11-30,3992.155,54.0,0.23297548638132257
1065,2018-12-01,4165.6063,47.0,0.2572433314032034
1066,2018-12-02,4116.6138,45.0,0.2474338429596077
1067,2018-12-03,3855.6833,56.0,0.18291358392259072
1068,2018-12-04,3929.6283,52.0,0.21336807128271776
1069,2018-12-05,3722.3917,53.0,0.20978682170542645
1070,2018-12-06,3466.15,57.0,0.21291658415841686
1071,2018-12-07,3404.4567,74.0,0.23127124882629055
1072,2018-12-08,3433.3633,53.0,0.24360654223227793
1073,2018-12-09,3566.3417,51.0,0.2562652660514441
1074,2018-12-10,3447.345,56.0,0.20733403241182188
1075,2018-12-11,3378.115,50.0,0.2213512041284402
1076,2018-12-12,3465.3367,48.0,0.20976118266978874
1077,2018-12-13,3292.0883,52.0,-0.060909967899982334
1078,2018-12-14,3223.7633,55.0,0.13868509606416743
1079,2018-12-15,3214.385,50.0,0.16750096978739307
1080,2018-12-16,3229.1683,46.0,0.2188194560290128
1081,2018-12-17,3540.1967,54.0,0.23119158339738552
1082,2018-12-18,3703.805,54.0,0.21031627860696542
1083,2018-12-19,3724.9933,60.0,0.2278571540726207
1084,2018-12-20,4107.6867,61.0,0.2411623253105581
1085,2018-12-21,3886.305,53.0,0.2898413786555249
1086,2018-12-22,4031.895,45.0,0.26375337361530793
1087,2018-12-23,3987.8817,48.0,0.28448663585951756
1088,2018-12-24,4069.8067,53.0,0.27806063038371026
1089,2018-12-25,3823.0583,48.0,0.2632967522052927
1090,2018-12-26,3809.19,49.0,0.23016355782446485
1091,2018-12-27,3632.68,49.0,0.19142715736040639
1092,2018-12-28,3937.05,46.0,0.22280526602505682
1093,2018-12-29,3779.7133,42.0,0.22733934827651112
1094,2018-12-30,3880.9067,39.0,0.2614379718726861
1095,2018-12-31,3740.5,40.0,0.23304694251189761
1096,2019-01-01,3869.47,40.0,0.25528106666666683
1097,2019-01-02,3941.2167,44.0,0.2594411293399449
1098,2019-01-03,3832.155,47.0,0.22640982587064848
1099,2019-01-04,3863.6267,44.0,0.26957452216748734
1100,2019-01-05,3835.5983,35.0,0.2598256361201442
1101,2019-01-06,4083.165,40.0,0.25963272796788356
1102,2019-01-07,4041.4583,44.0,0.2454669223394049
1103,2019-01-08,4029.9917,42.0,0.2585976465895489
1104,2019-01-09,4028.2917,44.0,0.2603279647435891
1105,2019-01-10,3669.5825,49.0,0.21003441519889254
1106,2019-01-11,3660.9583,43.0,0.2394945864962041
1107,2019-01-12,3658.6725,37.0,0.27180425987161977
1108,2019-01-13,3540.1583,40.0,0.24829879588269468
1109,2019-01-14,3706.1725,40.0,0.2425130434782618
1110,2019-01-15,3604.1333,41.0,0.23414176329468248
1111,2019-01-16,3630.2567,37.0,0.22203004985044802
1112,2019-01-17,3665.41,37.0,0.23380513216283752
1113,2019-01-18,3630.785,36.0,0.23047552700261004
1114,2019-01-19,3708.9633,34.0,0.14059285714285716
1115,2019-01-20,3552.8933,35.0,0.1864584397720565
1116,2019-01-21,3548.69,37.0,0.19761445783132592
1117,2019-01-22,3598.2183,36.0,0.24350608094366555
1118,2019-01-23,3576.01,35.0,0.17907055713704703
1119,2019-01-24,3598.2717,38.0,0.2246053482108511
1120,2019-01-25,3582.2,36.0,0.2293235058162874
1121,2019-01-26,3580.775,33.0,0.22873790987536016
1122,2019-01-27,3553.0133,31.0,0.2436731811975806
1123,2019-01-28,3454.48,38.0,0.19545339787395738
1124,2019-01-29,3421.12,42.0,0.20250754642433852
1125,2019-01-30,3482.3,36.0,0.20382745443856654
1126,2019-01-31,3441.985,35.0,0.23586254046848285
1127,2019-02-01,3468.2517,34.0,0.23503309140839562
1128,2019-02-02,3466.2175,32.0,0.25611194601128157
1129,2019-02-03,3443.1667,30.0,0.23336589282259673
1130,2019-02-04,3451.115,39.0,0.1942954245671891
1131,2019-02-05,3472.035,43.0,0.1772205706304871
1132,2019-02-06,3393.6717,41.0,0.17163035303146595
1133,2019-02-07,3385.97,40.0,0.19689493895234322
1134,2019-02-08,3657.4017,40.0,0.2606365176566637
1135,2019-02-09,3654.3,37.0,0.25911069476971077
1136,2019-02-10,3681.0517,34.0,0.25299995979899326
1137,2019-02-11,3621.0283,37.0,0.22482308730005707
1138,2019-02-12,3622.7133,35.0,0.23363055500691388
1139,2019-02-13,3605.3133,36.0,0.20331262254901847
1140,2019-02-14,3592.91,33.0,0.19941613691931756
1141,2019-02-15,3601.0583,32.0,0.2278639311844971
1142,2019-02-16,3611.975,30.0,0.25119445718654604
1143,2019-02-17,3661.7417,30.0,0.2373091649308839
1144,2019-02-18,3905.7433,44.0,0.271430785517679
1145,2019-02-19,3922.0983,45.0,0.2393551328502403
1146,2019-02-20,3976.79,41.0,0.28418058881256086
1147,2019-02-21,3936.34,39.0,0.26834590361445665
1148,2019-02-22,3979.995,40.0,0.24643945795137623
1149,2019-02-23,4145.4383,39.0,0.253278293354306
1150,2019-02-24,3767.305,44.0,0.2241458048595278
1151,2019-02-25,3852.16,40.0,0.18113128584643703
1152,2019-02-26,3830.6733,36.0,0.25170789421356005
1153,2019-02-27,3832.26,35.0,0.23322340206185513
1154,2019-02-28,3826.0233,35.0,0.25081391842257555
1155,2019-03-01,3850.0717,33.0,0.2239650913199021
1156,2019-03-02,3845.1133,31.0,0.2663784165698802
1157,2019-03-03,3820.1467,31.0,0.25506105139730334
1158,2019-03-04,3732.5733,32.0,0.2184992963409729
1159,2019-03-05,3880.8,34.0,0.27557239723396293
1160,2019-03-06,3884.9983,37.0,0.2551459402121491
1161,2019-03-07,3891.7317,33.0,0.24652689599678015
1162,2019-03-08,3875.47,33.0,0.24460073458341383
1163,2019-03-09,3950.61,32.0,0.2535396023534174
1164,2019-03-10,3932.0433,32.0,0.2525040616246499
1165,2019-03-11,3882.615,33.0,0.22247480590062235
1166,2019-03-12,3891.3467,36.0,0.2187097691597401
1167,2019-03-13,3882.8017,33.0,0.21470302670623143
1168,2019-03-14,3885.9883,33.0,0.23022894842063232
1169,2019-03-15,3935.415,29.0,0.22927940119760484
1170,2019-03-16,4022.5383,32.0,0.2594192210811851
1171,2019-03-17,3999.6617,31.0,0.24821476172026508
1172,2019-03-18,4004.8117,33.0,0.222265041782729
1173,2019-03-19,4033.7183,37.0,0.245794438006954
1174,2019-03-20,4064.0867,37.0,0.2390804554079705
1175,2019-03-21,3999.3233,38.0,0.2194149621212125
1176,2019-03-22,4003.55,33.0,0.2369987084870859
1177,2019-03-23,4009.4683,30.0,0.2616074861934964
1178,2019-03-24,3994.0283,28.0,0.20475236169821626
1179,2019-03-25,3929.3083,31.0,0.21403143735587946
1180,2019-03-26,3945.325,32.0,0.23769362791579707
1181,2019-03-27,4051.9033,36.0,0.24296440809968806
1182,2019-03-28,4039.0017,35.0,0.23405325523334036
1183,2019-03-29,4119.0183,36.0,0.23758391415633184
1184,2019-03-30,4117.8483,30.0,0.2202433965917901
1185,2019-03-31,4117.51,28.0,0.2836982395011926
1186,2019-04-01,4156.39,37.0,0.26844155718701795
1187,2019-04-02,4908.6883,45.0,0.25449153617443027
1188,2019-04-03,4977.0017,44.0,0.25510640925127476
1189,2019-04-04,4917.8467,33.0,0.2568381245339317
1190,2019-04-05,5053.72,27.0,0.239815708137714
1191,2019-04-06,5058.34,23.0,0.2532207078925949
1192,2019-04-07,5208.02,24.0,0.24839953506392953
1193,2019-04-08,5296.9317,31.0,0.19374065384615385
1194,2019-04-09,5196.985,27.0,0.14433979853479892
1195,2019-04-10,5319.705,28.0,0.2278755395683466
1196,2019-04-11,5046.865,27.0,0.19758122892469063
1197,2019-04-12,5088.7483,24.0,0.18347484898407324
1198,2019-04-13,5077.7183,20.0,0.2327998600839488
1199,2019-04-14,5172.4517,20.0,0.2610751023446208
1200,2019-04-15,5033.095,24.0,0.19748324607329876
1201,2019-04-16,5214.55,24.0,0.20490137551581797
1202,2019-04-17,5237.38,23.0,0.1919423114786369
1203,2019-04-18,5290.7433,21.0,0.2524797505938239
1204,2019-04-19,5297.5667,22.0,0.2041758407421725
1205,2019-04-20,5326.9383,21.0,0.20123393640350914
1206,2019-04-21,5305.9967,19.0,0.20425472947408127
1207,2019-04-22,5396.5783,22.0,0.22706687759541316
1208,2019-04-23,5540.1117,31.0,0.2132686513899316
1209,2019-04-24,5454.4483,27.0,0.216458696883852
1210,2019-04-25,5160.64,25.0,0.18231555937380733
1211,2019-04-26,5241.025,26.0,0.18596784621270107
1212,2019-04-27,5247.24,19.0,0.22815577475579407
1213,2019-04-28,5266.3467,20.0,0.2056453350610871
1214,2019-04-29,5259.6267,21.0,0.18476879310344768
1215,2019-04-30,5378.6183,21.0,0.21137162636145362
1216,2019-05-01,5423.66,21.0,0.2645931251190244
1217,2019-05-02,5503.3017,21.0,0.2414905373831781
1218,2019-05-03,5775.8817,27.0,0.22300142938822173
1219,2019-05-04,5876.01,24.0,0.24052703521393312
1220,2019-05-05,5823.795,23.0,0.2516870694522859
1221,2019-05-06,5799.6167,24.0,0.23277454581358506
1222,2019-05-07,5861.5917,28.0,0.2245358821335334
1223,2019-05-08,6029.08,28.0,0.09949409171075677
1224,2019-05-09,6187.28,33.0,0.20614622182146022
1225,2019-05-10,6375.5617,34.0,0.2511392301858174
1226,2019-05-11,7184.64,43.0,0.2487386836518036
1227,2019-05-12,6979.1317,47.0,0.25069728409534897
1228,2019-05-13,7801.2967,53.0,0.20517470869150023
1229,2019-05-14,7978.01,61.0,0.2504850252819911
1230,2019-05-15,8180.425,49.0,0.23803666044776003
1231,2019-05-16,7875.1633,45.0,0.23098495742667863
1232,2019-05-17,7376.8533,44.0,0.2347994411326364
1233,2019-05-18,7259.5067,35.0,0.2524690182904052
1234,2019-05-19,8189.3767,38.0,0.25785701225442303
1235,2019-05-20,7995.965,38.0,0.19117939047619026
1236,2019-05-21,7945.045,37.0,0.21630021978021943
1237,2019-05-22,7623.5133,35.0,0.2309678149980965
1238,2019-05-23,7875.9967,33.0,0.25789779035792676
1239,2019-05-24,7998.22,34.0,0.22490177688221372
1240,2019-05-25,8063.9483,28.0,0.2344774822372011
1241,2019-05-26,8738.18,31.0,0.2474890264372639
1242,2019-05-27,8783.0683,46.0,0.2550394583008563
1243,2019-05-28,8724.455,39.0,0.2460469250048191
1244,2019-05-29,8670.265,36.0,0.22684735315445936
1245,2019-05-30,8273.0117,39.0,0.18898480138169144
1246,2019-05-31,8544.97,34.0,0.21272346083788574
1247,2019-06-01,8553.1267,32.0,0.2658941403379867
1248,2019-06-02,8737.3617,28.0,0.24077623074032312
1249,2019-06-03,8105.13,33.0,0.23085532956685528
1250,2019-06-04,7677.3983,36.0,0.20476052534221234
1251,2019-06-05,7785.985,31.0,0.1951475245722592
1252,2019-06-06,7806.715,30.0,0.22756494336865266
1253,2019-06-07,8001.2767,32.0,0.15918253065576612
1254,2019-06-08,7928.5417,26.0,0.2326977289512554
1255,2019-06-09,7634.6483,28.0,0.2279848484848477
1256,2019-06-10,8016.6917,30.0,0.26093848357524824
1257,2019-06-11,7913.8933,28.0,0.24225604458965908
1258,2019-06-12,8173.3567,29.0,0.2397252942275373
1259,2019-06-13,8232.7533,28.0,0.24094046529366966
1260,2019-06-14,8693.765,31.0,0.25457895783611734
1261,2019-06-15,8857.0783,31.0,0.24359992687385695
1262,2019-06-16,8976.5367,37.0,0.23773641544117605
1263,2019-06-17,9340.25,40.0,0.2745983398619662
1264,2019-06-18,9083.8167,38.0,0.22850045199782856
1265,2019-06-19,9288.5367,35.0,0.2636802983445522
1266,2019-06-20,9539.7883,35.0,0.22369634424980958
1267,2019-06-21,10232.9167,42.0,0.21520422039859316
1268,2019-06-22,10695.3683,70.0,0.25467999646268036
1269,2019-06-23,10860.8233,51.0,0.23381598863030734
1270,2019-06-24,11041.8533,51.0,0.2444695088044485
1271,2019-06-25,11752.6783,59.0,0.2104646188340809
1272,2019-06-26,12907.135,100.0,0.1682911691822466
1273,2019-06-27,11170.885,86.0,0.2013238686131383
1274,2019-06-28,12356.2783,63.0,0.21172301601914845
1275,2019-06-29,11882.5083,50.0,0.25108110389610433
1276,2019-06-30,10769.4217,45.0,0.17225761589403965
1277,2019-07-01,10599.3267,48.0,0.24264215187488258
1278,2019-07-02,10850.4,50.0,0.21738054991695877
1279,2019-07-03,11976.6317,47.0,0.19979990081333038
1280,2019-07-04,11151.9183,41.0,0.20364731861198718
1281,2019-07-05,10996.4267,39.0,0.2320073421926911
1282,2019-07-06,11252.4533,33.0,0.23831525423728678
1283,2019-07-07,11476.4083,31.0,0.2224664191572302
1284,2019-07-08,12294.6567,40.0,0.2287589144434211
1285,2019-07-09,12563.215,48.0,0.250467458563536
1286,2019-07-10,12096.6533,48.0,0.22649661936560972
1287,2019-07-11,11345.7717,43.0,0.20620357882840462
1288,2019-07-12,11789.3367,44.0,0.19294921774341922
1289,2019-07-13,11350.6283,35.0,0.20056386892177466
1290,2019-07-14,10194.21,37.0,0.18537864583333333
1291,2019-07-15,10842.4517,46.0,0.22455353658536575
1292,2019-07-16,9422.4517,45.0,0.19868042420027734
1293,2019-07-17,9692.7067,47.0,0.2103772679509636
1294,2019-07-18,10636.91,44.0,0.20488720764694046
1295,2019-07-19,10526.3917,37.0,0.23096615901898715
1296,2019-07-20,10754.29,31.0,0.1616686666666668
1297,2019-07-21,10586.2433,32.0,0.24052672092234684
1298,2019-07-22,10325.825,34.0,0.2109817622950819
1299,2019-07-23,9849.82,35.0,0.2112949159408539
1300,2019-07-24,9771.5667,35.0,0.21806313583539616
1301,2019-07-25,9882.1,35.0,0.22484622054665374
1302,2019-07-26,9844.5583,31.0,0.30492566648280744
1303,2019-07-27,9466.2717,32.0,0.24615285228560563
1304,2019-07-28,9527.7717,28.0,0.21662097378277198
1305,2019-07-29,9501.0317,32.0,0.2271904637622968
1306,2019-07-30,9588.6033,32.0,0.22341841649007932
1307,2019-07-31,10090.535,32.0,0.20652329143754802
1308,2019-08-01,10405.2067,32.0,0.2061033488192024
1309,2019-08-02,10526.2167,35.0,0.25047781763262245
1310,2019-08-03,10818.6983,30.0,0.2492739754485368
1311,2019-08-04,10979.3133,30.0,0.23892250534915493
1312,2019-08-05,11802.0167,46.0,0.2177248475609742
1313,2019-08-06,11467.1983,47.0,0.20644106422018485
1314,2019-08-07,11981.1517,39.0,0.18443151758061643
1315,2019-08-08,12010.8983,35.0,0.1978948322406475
1316,2019-08-09,11868.7533,33.0,0.1999527396005131
1317,2019-08-10,11289.49,30.0,0.23422711670480584
1318,2019-08-11,11561.71,29.0,0.25853776379118676
1319,2019-08-12,11396.5433,35.0,0.20533535952557502
1320,2019-08-13,10875.3483,33.0,0.20716611917494324
1321,2019-08-14,10036.1867,37.0,0.16847738830366796
1322,2019-08-15,10307.895,40.0,0.20390079710144915
1323,2019-08-16,10358.7683,33.0,0.2247078394243505
1324,2019-08-17,10220.6033,27.0,0.24387255697180407
1325,2019-08-18,10321.7317,27.0,0.20040729394602336
1326,2019-08-19,10924.965,32.0,0.20955981343283478
1327,2019-08-20,10776.9083,31.0,0.21902622326930082
1328,2019-08-21,10133.3483,33.0,0.19214100127900632
1329,2019-08-22,10113.2,29.0,0.2133130386740328
1330,2019-08-23,10406.7433,29.0,0.21568750919793958
1331,2019-08-24,10147.7633,25.0,0.21418455541117506
1332,2019-08-25,10138.6683,25.0,0.23448943985307608
1333,2019-08-26,10365.1783,29.0,0.1782146741226382
1334,2019-08-27,10177.9267,30.0,0.20491835086401194
1335,2019-08-28,9723.805,30.0,0.20969015572858737
1336,2019-08-29,9500.6367,34.0,0.20830216776625768
1337,2019-08-30,9588.0717,27.0,0.2288936251920132
1338,2019-08-31,9608.6467,24.0,0.2252823668639044
1339,2019-09-01,9773.3417,25.0,0.20806049548684377
1340,2019-09-02,10386.915,29.0,0.2115364054378245
1341,2019-09-03,10634.6433,31.0,0.2162519001919392
1342,2019-09-04,10583.6617,31.0,0.22978440244368004
1343,2019-09-05,10580.27,27.0,0.2106783915957249
1344,2019-09-06,10308.0367,28.0,0.20127245705462263
1345,2019-09-07,10488.41,24.0,0.24039536894696464
1346,2019-09-08,10404.6433,25.0,0.22795130540376574
1347,2019-09-09,10314.9717,25.0,0.22546548775748215
1348,2019-09-10,10107.7217,25.0,0.20759552715654897
1349,2019-09-11,10164.0867,25.0,0.2125216571428576
1350,2019-09-12,10433.5567,25.0,0.22415869191049928
1351,2019-09-13,10372.5533,26.0,0.2217285539714867
1352,2019-09-14,10365.4467,22.0,0.25076775083776937
1353,2019-09-15,10312.6683,22.0,0.24358526503164737
1354,2019-09-16,10271.015,23.0,0.21425080723594678
1355,2019-09-17,10199.905,24.0,0.23961718781119293
1356,2019-09-18,10165.3267,24.0,0.22983694832138873
1357,2019-09-19,10282.6567,26.0,0.25083587170405375
1358,2019-09-20,10179.955,22.0,0.23049432280565652
1359,2019-09-21,9989.755,21.0,0.24811792939309776
1360,2019-09-22,10036.7067,20.0,0.2372148499810099
1361,2019-09-23,9694.5067,26.0,0.21806894986182465
1362,2019-09-24,8538.105,36.0,0.15644229241160112
1363,2019-09-25,8449.9167,40.0,0.18943206783580702
1364,2019-09-26,8075.9667,37.0,0.1671838401559452
1365,2019-09-27,8200.2833,32.0,0.18291308860272817
1366,2019-09-28,8221.3783,27.0,0.22421775193798343
1367,2019-09-29,8067.2683,24.0,0.18405310589627336
1368,2019-09-30,8316.8767,31.0,0.18931650208887066
1369,2019-10-01,8326.58,29.0,0.20797160421545585
1370,2019-10-02,8395.2183,28.0,0.207045501730105
1371,2019-10-03,8246.5417,31.0,0.19010644054878137
1372,2019-10-04,8161.3483,28.0,0.18466547280651888
1373,2019-10-05,8153.9767,24.0,0.22158529123357493
1374,2019-10-06,7868.34,23.0,0.2010704843191746
1375,2019-10-07,8217.6333,31.0,0.223610901960784
1376,2019-10-08,8191.0717,28.0,0.23270718492343903
1377,2019-10-09,8596.4533,29.0,0.21124173602853769
1378,2019-10-10,8590.3733,27.0,0.23853202334630344
1379,2019-10-11,8272.395,26.0,0.2024151906045433
1380,2019-10-12,8311.8117,24.0,0.23697910078110063
1381,2019-10-13,8290.9717,24.0,0.2356077433628311
1382,2019-10-14,8362.0733,25.0,0.2733966449386503
1383,2019-10-15,8171.27,26.0,0.2300612535612542
1384,2019-10-16,8002.8483,28.0,0.20109498263218817
1385,2019-10-17,8081.3133,27.0,0.1984953762816788
1386,2019-10-18,7966.2667,26.0,0.203282778325122
1387,2019-10-19,7974.0883,23.0,0.22710418753756695
1388,2019-10-20,8242.8633,23.0,0.23725869262865124
1389,2019-10-21,8221.3733,28.0,0.20609990029910194
1390,2019-10-22,8034.545,24.0,0.23070701720093856
1391,2019-10-23,7478.905,32.0,0.1713420804228805
1392,2019-10-24,7435.8467,31.0,0.19476203866432243
1393,2019-10-25,8671.5083,34.0,0.22124179626749554
1394,2019-10-26,9261.9983,45.0,0.23692489967897337
1395,2019-10-27,9555.305,35.0,0.23913648025656534
1396,2019-10-28,9223.2067,36.0,0.21700970074312068
1397,2019-10-29,9437.585,33.0,0.24485442380667063
1398,2019-10-30,9170.285,30.0,0.2364914041861409
1399,2019-10-31,9164.365,30.0,0.25149973732067
1400,2019-11-01,9265.4317,27.0,0.2427164874551974
1401,2019-11-02,9312.36,26.0,0.2604030466640951
1402,2019-11-03,9211.6,24.0,0.21387261108926353
1403,2019-11-04,9424.185,28.0,0.22644203429011678
1404,2019-11-05,9326.6033,30.0,0.2616657322654463
1405,2019-11-06,9345.69,28.0,0.2344008583690989
1406,2019-11-07,9205.8083,27.0,0.2335152593147352
1407,2019-11-08,8770.3617,27.0,0.22609686471840404
1408,2019-11-09,8813.3567,23.0,0.23686959446473238
1409,2019-11-10,9044.7817,24.0,0.2677066369890739
1410,2019-11-11,8726.36,27.0,0.22322547477460294
1411,2019-11-12,8820.2333,25.0,0.23079163748712717
1412,2019-11-13,8775.1017,25.0,0.20145582869214648
1413,2019-11-14,8639.1833,24.0,0.22423054038787424
1414,2019-11-15,8471.2783,24.0,0.19256666023538524
1415,2019-11-16,8496.6,23.0,0.22472659247889465
1416,2019-11-17,8516.08,23.0,0.18297597690086626
1417,2019-11-18,8191.0667,24.0,0.19127136078952342
1418,2019-11-19,8136.2767,27.0,0.24298658654778033
1419,2019-11-20,8098.3183,24.0,0.22459453094589266
1420,2019-11-21,7633.95,31.0,0.20705470196223513
1421,2019-11-22,7292.74,37.0,0.18165037051111527
1422,2019-11-23,7335.3217,29.0,0.22951049102740861
1423,2019-11-24,6924.8483,26.0,0.19313015809485698
1424,2019-11-25,7136.7617,35.0,0.20765364403528824
1425,2019-11-26,7175.5267,31.0,0.2456220761381469
1426,2019-11-27,7531.8283,31.0,0.23753965687241166
1427,2019-11-28,7442.2967,30.0,0.2642554457402641
1428,2019-11-29,7770.54,26.0,0.23053004750593797
1429,2019-11-30,7571.4083,25.0,0.2012176379776152
1430,2019-12-01,7420.8417,24.0,0.2431232911892527
1431,2019-12-02,7320.8167,25.0,0.24139955311801697
1432,2019-12-03,7312.8833,25.0,0.22710456504702126
1433,2019-12-04,7211.35,25.0,0.2294093822843828
1434,2019-12-05,7404.4033,25.0,0.21528719487795045
1435,2019-12-06,7556.8817,23.0,0.23539079051383488
1436,2019-12-07,7517.2,21.0,0.20955810245166304
1437,2019-12-08,7539.52,21.0,0.20998916196615558
1438,2019-12-09,7351.3367,24.0,0.2232066302809778
1439,2019-12-10,7232.8433,24.0,0.19021617786187395
1440,2019-12-11,7213.4767,26.0,0.23025250786988424
1441,2019-12-12,7199.51,24.0,0.23348517406962668
1442,2019-12-13,7263.045,24.0,0.23116731894290896
1443,2019-12-14,7077.1517,23.0,0.26934578245350504
1444,2019-12-15,7125.8167,22.0,0.2057031082118185
1445,2019-12-16,6893.2367,26.0,0.17681218743847174
1446,2019-12-17,6633.3717,31.0,0.184555488867376
1447,2019-12-18,7299.7367,31.0,0.21824925668979087
1448,2019-12-19,7161.965,28.0,0.2556547152018103
1449,2019-12-20,7198.785,28.0,0.23793512614903153
1450,2019-12-21,7150.9133,25.0,0.24157589214908767
1451,2019-12-22,7520.0433,23.0,0.2642929222416128
1452,2019-12-23,7324.495,28.0,0.2512464605211974
1453,2019-12-24,7261.025,24.0,0.2561781520692962
1454,2019-12-25,7204.0217,24.0,0.32770271837621523
1455,2019-12-26,7205.8033,25.0,0.22269709598340506
1456,2019-12-27,7259.67,24.0,0.2558194492254705
1457,2019-12-28,7313.6933,24.0,0.2425277063536411
1458,2019-12-29,7397.535,22.0,0.26038845712097924
1459,2019-12-30,7234.615,23.0,0.23197366946778714
1460,2019-12-31,7182.4017,22.0,0.24809640889226683
1461,2020-01-01,7188.4633,22.0,0.29131624832343395
1462,2020-01-02,6961.5683,27.0,0.23237531598513034
1463,2020-01-03,7346.58,28.0,0.2157067048393058
1464,2020-01-04,7355.855,27.0,0.20357641527177017
1465,2020-01-05,7356.3117,25.0,0.20074385394762054
1466,2020-01-06,7761.825,30.0,0.20691338458506028
1467,2020-01-07,8157.7617,35.0,0.2562888951734534
1468,2020-01-08,8042.8733,39.0,0.22736370329468059
1469,2020-01-09,7816.9233,30.0,0.25329285047601174
1470,2020-01-10,8189.265,31.0,0.23468791166952202
1471,2020-01-11,8016.4267,29.0,0.26350664335664314
1472,2020-01-12,8178.8833,25.0,0.24338222486144034
1473,2020-01-13,8105.4783,27.0,0.23872101669195742
1474,2020-01-14,8807.4267,37.0,0.22597038387716004
1475,2020-01-15,8808.4867,37.0,0.24497988035892238
1476,2020-01-16,8716.9133,33.0,0.24015234359678303
1477,2020-01-17,8890.25,34.0,0.2526415768463077
1478,2020-01-18,8901.17,30.0,0.22474421588594734
1479,2020-01-19,8698.5717,33.0,0.16882609000174997
1480,2020-01-20,8631.2883,31.0,0.23867364073006653
1481,2020-01-21,8727.6033,29.0,0.24258061515093982
1482,2020-01-22,8661.01,30.0,0.22334014939309044
1483,2020-01-23,8392.145,29.0,0.18646521824616633
1484,2020-01-24,8436.49,26.0,0.2218052087322865
1485,2020-01-25,8337.1017,25.0,0.21286488491535058
1486,2020-01-26,8602.7417,24.0,0.20673656313929806
1487,2020-01-27,8901.5067,29.0,0.18260114329268406
1488,2020-01-28,9393.2733,33.0,0.18522914074650057
1489,2020-01-29,9290.46,34.0,0.22448558235959257
1490,2020-01-30,9508.725,34.0,0.21362699539524135
1491,2020-01-31,9346.1333,30.0,0.22326749327181958
1492,2020-02-01,9388.6617,28.0,0.2234917709147785
1493,2020-02-02,9333.08,29.0,0.2648017705382439
1494,2020-02-03,9291.6433,29.0,0.22440414802765385
1495,2020-02-04,9175.3367,30.0,0.24774289894654708
1496,2020-02-05,9613.4033,31.0,0.2553027849101331
1497,2020-02-06,9750.5467,33.0,0.26962344720496934
1498,2020-02-07,9808.5967,34.0,0.24871765986933342
1499,2020-02-08,9897.6583,30.0,0.22875574290815281
1500,2020-02-09,10161.2833,38.0,0.2668932340161389
1501,2020-02-10,9852.7183,35.0,0.2529151913192468
1502,2020-02-11,10266.1,36.0,0.23582868426122186
1503,2020-02-12,10347.9517,39.0,0.2241696176304386
1504,2020-02-13,10230.0783,37.0,0.19383239051094883
1505,2020-02-14,10356.7567,30.0,0.2664969994443427
1506,2020-02-15,9903.0217,32.0,0.19957843283582163
1507,2020-02-16,9926.2,32.0,0.2183778594309419
1508,2020-02-17,9706.08,33.0,0.20141218114602435
1509,2020-02-18,10185.8767,30.0,0.2516304748822605
1510,2020-02-19,9593.48,34.0,0.1890530592105253
1511,2020-02-20,9607.31,35.0,0.17396687510856282
1512,2020-02-21,9695.5583,31.0,0.1963701702442632
1513,2020-02-22,9667.8433,26.0,0.22898729868228246
1514,2020-02-23,9973.2733,29.0,0.2033027948070669
1515,2020-02-24,9664.6333,32.0,0.17920806246595167
1516,2020-02-25,9313.92,33.0,0.19898659903897534
1517,2020-02-26,8790.12,36.0,0.1727462700313136
1518,2020-02-27,8816.585,36.0,0.18650260707635016
1519,2020-02-28,8715.6617,37.0,0.2498058348623851
1520,2020-02-29,8538.3983,30.0,0.2122460209003224
1521,2020-03-01,8540.2567,29.0,0.16631760895170872
1522,2020-03-02,8926.2517,32.0,0.20466377598801197
1523,2020-03-03,8768.18,30.0,0.18743561057334282
1524,2020-03-04,8767.8867,32.0,0.19916145586897158
1525,2020-03-05,9073.275,33.0,0.21965738872403603
1526,2020-03-06,9165.1517,29.0,0.23278181460342384
1527,2020-03-07,8905.9517,28.0,0.19407909669947815
1528,2020-03-08,8050.1883,30.0,0.1399855623950762
1529,2020-03-09,7944.45,51.0,0.14292682387619743
1530,2020-03-10,7899.2267,38.0,0.17993444203896866
1531,2020-03-11,7951.17,35.0,0.16790756472491947
1532,2020-03-12,4914.085,69.0,0.05072116221843658
1533,2020-03-13,5629.5767,100.0,0.11826345945945872
1534,2020-03-14,5182.3217,65.0,0.12764646537696595
1535,2020-03-15,5360.06,55.0,0.11677051353874898
1536,2020-03-16,5043.6783,71.0,0.1372274752011976
1537,2020-03-17,5337.0933,58.0,0.1622999253313422
1538,2020-03-18,5411.6217,53.0,0.1591015654830095
1539,2020-03-19,6180.27,59.0,0.18356469198976655
1540,2020-03-20,6206.6117,58.0,0.16318750968241694
1541,2020-03-21,6197.6183,50.0,0.14814530093032122
1542,2020-03-22,5803.67,43.0,0.14326408557364723
1543,2020-03-23,6492.94,47.0,0.17204544720371406
1544,2020-03-24,6766.7817,46.0,0.1948345339402334
1545,2020-03-25,6687.705,44.0,0.15461442729178584
1546,2020-03-26,6709.95,41.0,0.30207090482210924
1547,2020-03-27,6698.73,38.0,0.24097772296015377
1548,2020-03-28,6226.545,38.0,0.19223672616786933
1549,2020-03-29,5882.0067,38.0,0.1715482300019558
1550,2020-03-30,6568.805,40.0,0.16262765515940408
1551,2020-03-31,6449.95,36.0,0.16226400077086248
1552,2020-04-01,6671.95,36.0,0.1763687670698391
1553,2020-04-02,6833.05,47.0,0.2091559240759245
1554,2020-04-03,6740.075,44.0,0.23330541823215276
1555,2020-04-04,6872.915,38.0,0.18984266718057474
1556,2020-04-05,6778.61,39.0,0.21419561840270815
1557,2020-04-06,7297.75,46.0,0.20923270519262824
1558,2020-04-07,7360.37,49.0,0.21081693889897118
1559,2020-04-08,7341.15,44.0,0.21758139050790945
1560,2020-04-09,7314.95,41.0,0.1852945336313755
1561,2020-04-10,6909.95,46.0,0.20596754766031158
1562,2020-04-11,6814.05,39.0,0.21272515267175465
1563,2020-04-12,7143.45,41.0,0.19522054380664633
1564,2020-04-13,6763.065,42.0,0.2017177848352523
1565,2020-04-14,6885.1,41.0,0.2147747376603183
1566,2020-04-15,6727.15,41.0,0.2112205265241488
1567,2020-04-16,7055.8225,42.0,0.21527290559869167
1568,2020-04-17,7086.85,40.0,0.22924864267042
1569,2020-04-18,7226.61,40.0,0.24734053677932324
1570,2020-04-19,7170.65,37.0,0.22816179560649444
1571,2020-04-20,6896.31,38.0,0.16494218352572784
1572,2020-04-21,6856.8,41.0,0.19580486560721844
1573,2020-04-22,7137.85,37.0,0.24297354373660424
1574,2020-04-23,7556.95,43.0,0.2407514851485128
1575,2020-04-24,7502.9,44.0,0.21733618618618578
1576,2020-04-25,7598.605,44.0,0.22833579072532725
1577,2020-04-26,7602.64,44.0,0.22962197070572493
1578,2020-04-27,7674.375,44.0,0.22103635598569407
1579,2020-04-28,7724.15,45.0,0.24547228642178992
1580,2020-04-29,8273.45,59.0,0.21434360131255034
1581,2020-04-30,8740.75,69.0,0.24050108246408058
1582,2020-05-01,8771.5725,54.0,0.23611447838159355
1583,2020-05-02,8891.445,52.0,0.2519555599682264
1584,2020-05-03,8819.01,51.0,0.23122263358014816
1585,2020-05-04,8801.36,49.0,0.28402709163346695
1586,2020-05-05,8900.3,49.0,0.23227647867950474
1587,2020-05-06,9248.9475,55.0,0.19800832670906124
1588,2020-05-07,9375.95,70.0,0.22938980200127712
1589,2020-05-08,9986.6675,76.0,0.22962994569433673
1590,2020-05-09,9740.815,67.0,0.2213613040947026
1591,2020-05-10,8465.45,84.0,0.20654628777266335
1592,2020-05-11,8857.0625,100.0,0.2357782281412849
1593,2020-05-12,8729.95,77.0,0.21445329714515418
1594,2020-05-13,9099.2,62.0,0.18778708569118735
1595,2020-05-14,9582.5825,63.0,0.22396411463664234
1596,2020-05-15,9523.595,56.0,0.2283327885425435
1597,2020-05-16,9465.05,49.0,0.23017911017758044
1598,2020-05-17,9775.125,52.0,0.24821063546423097
1599,2020-05-18,9636.55,53.0,0.24807777142857287
1600,2020-05-19,9789.75,47.0,0.2507653725490195
1601,2020-05-20,9772.205,48.0,0.20767159540403005
1602,2020-05-21,9335.15,49.0,0.22082904021244246
1603,2020-05-22,9177.8,46.0,0.26613891771682663
1604,2020-05-23,9186.8317,41.0,0.21900738848496795
1605,2020-05-24,9203.13,43.0,0.2218890147877853
1606,2020-05-25,8776.34,46.0,0.23484791666666513
1607,2020-05-26,8871.05,43.0,0.21617347950429006
1608,2020-05-27,8923.05,42.0,0.22209960908413878
1609,2020-05-28,9207.95,43.0,0.2219606224627872
1610,2020-05-29,9448.365,42.0,0.2140236145974117
1611,2020-05-30,9550.815,38.0,0.21117169474727504
1612,2020-05-31,9545.15,40.0,0.1993027490114866
1613,2020-06-01,9564.95,39.0,0.12726075058639572
1614,2020-06-02,10136.5,54.0,0.20475367744374998
1615,2020-06-03,9594.45,44.0,0.19553665559246872
1616,2020-06-04,9529.55,39.0,0.20670214136820111
1617,2020-06-05,9836.805,40.0,0.3655206569804098
1618,2020-06-06,9679.75,35.0,0.2889353005664142
1619,2020-06-07,9621.55,39.0,0.2571436448598112
1620,2020-06-08,9730.365,39.0,0.2742217656012172
1621,2020-06-09,9668.96,36.0,0.2638236563071289
1622,2020-06-10,9731.05,36.0,0.23978894736842027
1623,2020-06-11,9797.5,43.0,0.2156070425361134
1624,2020-06-12,9475.95,40.0,0.23466348325004363
1625,2020-06-13,9432.3875,34.0,0.24082905017234568
1626,2020-06-14,9421.895,35.0,0.20868242846661644
1627,2020-06-15,9137.25,40.0,0.2189662744353766
1628,2020-06-16,9490.7375,36.0,0.21725415640977025
1629,2020-06-17,9474.64,35.0,0.2047668993387217
1630,2020-06-18,9447.25,33.0,0.21757691020635814
1631,2020-06-19,9276.15,32.0,0.2085032598454865
1632,2020-06-20,9312.005,29.0,0.25345622374952337
1633,2020-06-21,9339.125,31.0,0.2277344775270243
1634,2020-06-22,9474.9,35.0,0.24590797485759008
1635,2020-06-23,9591.715,37.0,0.2582068767377176
1636,2020-06-24,9510.3,34.0,0.20227453248505842
1637,2020-06-25,9274.1267,35.0,0.21730988480118926
1638,2020-06-26,9127.55,36.0,0.2414200498848805
1639,2020-06-27,9164.315,34.0,0.18540364810944304
1640,2020-06-28,8991.5,33.0,0.2388109965635731
1641,2020-06-29,9096.15,36.0,0.2618437836833298
1642,2020-06-30,9144.385,35.0,0.2385060252486592
1643,2020-07-01,9153.95,33.0,0.23945762932638504
1644,2020-07-02,9199.875,31.0,0.2066483437440858
1645,2020-07-03,9094.955,33.0,0.24695379596678357
1646,2020-07-04,9083.395,31.0,0.26538085313595616
1647,2020-07-05,9075.3125,31.0,0.207902706766917
1648,2020-07-06,9203.25,33.0,0.25283304858515854
1649,2020-07-07,9265.375,33.0,0.2418568075117362
1650,2020-07-08,9279.5833,35.0,0.2478344808126415
1651,2020-07-09,9403.85,34.0,0.2777370612838703
1652,2020-07-10,9144.715,32.0,0.2783748277112802
1653,2020-07-11,9278.05,30.0,0.2322446395372866
1654,2020-07-12,9279.05,31.0,0.2346388825757568
1655,2020-07-13,9294.6625,34.0,0.21892696150999164
1656,2020-07-14,9202.4067,33.0,0.26649155915960293
1657,2020-07-15,9214.1275,39.0,-0.0817425036818865
1658,2020-07-16,9116.325,45.0,0.08567143104643031
1659,2020-07-17,9122.22,36.0,0.20075158262789808
1660,2020-07-18,9140.2575,48.0,0.21349793741109493
1661,2020-07-19,9156.11,33.0,0.21888703833977996
1662,2020-07-20,9185.375,31.0,0.23606032588795295
1663,2020-07-21,9206.5125,35.0,0.23674145481536438
1664,2020-07-22,9357.195,33.0,0.2237284284873465
1665,2020-07-23,9511.615,37.0,0.20403317535544999
1666,2020-07-24,9544.48,35.0,0.23091980676328458
1667,2020-07-25,9601.75,37.0,0.2491142578124999
1668,2020-07-26,9712.08,45.0,0.2303039226833418
1669,2020-07-27,10300.5,61.0,0.23021017088738005
1670,2020-07-28,10985.3117,65.0,0.24548048286030155
1671,2020-07-29,10982.5,54.0,0.2455384646302262
1672,2020-07-30,11053.5,48.0,0.267770797454136
1673,2020-07-31,11025.5,51.0,0.1134567936736142
1674,2020-08-01,11354.1567,58.0,0.2614933681073024
1675,2020-08-02,11301.28,63.0,0.25760503755266545
1676,2020-08-03,11164.445,52.0,0.2508603560490049
1677,2020-08-04,11275.995,46.0,0.23985083883129055
1678,2020-08-05,11219.5,49.0,0.24554372405613717
1679,2020-08-06,11796.8174,55.0,0.26313973395025964
1680,2020-08-07,11827.265,47.0,0.2781144466403157
1681,2020-08-08,11568.5,44.0,0.2964973641156164
1682,2020-08-09,11666.45,43.0,0.305963125481139
1683,2020-08-10,12010.28,49.0,0.28159523548740506
1684,2020-08-11,11832.5,48.0,0.24772126605504652
1685,2020-08-12,11342.01,44.0,0.25021633566978213
1686,2020-08-13,11565.095,43.0,0.2641224884792613
1687,2020-08-14,11759.5,43.0,0.28321008308157036
1688,2020-08-15,11895.627,42.0,0.25228004276550353
1689,2020-08-16,11908.33,41.0,0.3084038488952252
1690,2020-08-17,11856.5,49.0,0.2626751507159005
1691,2020-08-18,12327.5,50.0,0.26206768939393954
1692,2020-08-19,11918.5,42.0,0.2500753470919333
1693,2020-08-20,11833.8974,40.0,0.28862670474830415
1694,2020-08-21,11583.1389,39.0,0.23194829496278327
1695,2020-08-22,11674.6244,40.0,0.29645665244015534
1696,2020-08-23,11611.5,37.0,0.2936994703990912
1697,2020-08-24,11744.0127,38.0,0.29512864573299935
1698,2020-08-25,11378.726,40.0,0.23130191116616605
1699,2020-08-26,11458.8226,37.0,0.32597073350534483
1700,2020-08-27,11302.121,35.0,0.27973384644621524
1701,2020-08-28,11482.2257,36.0,0.36589413608703364
1702,2020-08-29,11515.0444,33.0,0.38743969623748686
1703,2020-08-30,11657.0039,35.0,0.3389947707861222
1704,2020-08-31,11678.3733,33.0,0.3103292750415053
1705,2020-09-01,11964.2087,38.0,0.30814386497588653
1706,2020-09-02,11795.7,41.0,0.2773220910934906
1707,2020-09-03,11302.8875,44.0,0.21657151329634683
1708,2020-09-04,10292.5983,44.0,0.26839320456540694
1709,2020-09-05,10439.5,43.0,0.2086666727941171
1710,2020-09-06,10110.44,39.0,0.24465110711070912
1711,2020-09-07,10164.13,38.0,0.242759820928931
1712,2020-09-08,10316.5833,37.0,0.2698592261361549
1713,2020-09-09,10032.5,38.0,0.37350156626505987
1714,2020-09-10,10341.016,35.0,0.29649612061040737
1715,2020-09-11,10380.5396,32.0,0.2810602682788575
1716,2020-09-12,10436.3654,31.0,0.31678237657864605
1717,2020-09-13,10313.0686,32.0,0.27727892622351885
1718,2020-09-14,10680.2976,31.0,0.2889743472460432
1719,2020-09-15,10829.5053,34.0,0.26494835265967115
1720,2020-09-16,11033.3835,33.0,0.28270161290322565
1721,2020-09-17,10937.1113,34.0,0.2628072425991433
1722,2020-09-18,10933.9312,32.0,0.44623286624204894
1723,2020-09-19,11048.8793,31.0,0.2842758899981148
1724,2020-09-20,10852.9101,29.0,0.25688479437229284
1725,2020-09-21,10526.2029,30.0,0.24185705626065557
1726,2020-09-22,10531.1646,31.0,0.26662062292664895
1727,2020-09-23,10260.033,31.0,0.24420514128728427
1728,2020-09-24,10672.9568,29.0,0.30023219287715297
1729,2020-09-25,10729.0696,30.0,0.2776340743579914
1730,2020-09-26,10741.4765,29.0,0.2799178321015724
1731,2020-09-27,10752.3455,26.0,0.335473165388825
1732,2020-09-28,10863.0657,30.0,0.2892205492606108
1733,2020-09-29,10764.2844,29.0,0.28902103740840573
1734,2020-09-30,10741.5796,29.0,0.43551059168534745
1735,2020-10-01,10626.601,29.0,0.37073597560975513
1736,2020-10-02,10567.3302,9.0,0.45896308757242343
1737,2020-10-03,10555.0287,9.0,0.3778828592005775
1738,2020-10-04,10660.6112,9.0,0.3198409115770292
1739,2020-10-05,10756.4046,9.0,0.30560824509633966
1740,2020-10-06,10589.6264,9.0,0.25343419599724476
1741,2020-10-07,10645.7548,9.0,0.35944522887324165
1742,2020-10-08,10897.5954,9.0,0.3925959937018879
1743,2020-10-09,11063.5317,10.0,0.3740807280149663
1744,2020-10-10,11304.4917,10.0,0.3778280661215772
1745,2020-10-11,11377.1683,10.0,0.34354772479067824
1746,2020-10-12,11545.1583,11.0,0.31269558030902034
1747,2020-10-13,11432.475,10.0,0.30845826244344066
1748,2020-10-14,11430.8717,11.0,0.30844614237793505
1749,2020-10-15,11510.5367,10.0,0.40289624252774836
1750,2020-10-16,11325.5217,10.0,0.3952721176470557
1751,2020-10-17,11369.9133,9.0,0.3665641406112029
1752,2020-10-18,11516.9667,10.0,0.37384612266478545
1753,2020-10-19,11758.5467,11.0,0.2996180680772765
1754,2020-10-20,11922.975,12.0,0.2530445464172267
1755,2020-10-21,12811.4867,18.0,0.3448662325225054
1756,2020-10-22,12987.9017,19.0,0.30304690796653405
1757,2020-10-23,12940.1067,15.0,0.34369088382434754
1758,2020-10-24,13127.055,13.0,0.3114559683649076
1759,2020-10-25,13039.0133,13.0,0.2995180670753709
1760,2020-10-26,13067.8283,14.0,0.28635724286483616
1761,2020-10-27,13638.76,16.0,0.27790935035674114
1762,2020-10-28,13276.4533,18.0,0.2923056244218305
1763,2020-10-29,13459.7983,15.0,0.3097159199412413
1764,2020-10-30,13566.925,14.0,0.2983895964457612
1765,2020-10-31,13797.1033,15.0,0.33374447529150497
1766,2020-11-01,13762.97,14.0,0.33444135770234973
1767,2020-11-02,13567.2233,14.0,0.3358297031473536
1768,2020-11-03,14030.79,14.0,0.3164818478052525
1769,2020-11-04,14158.81,13.0,0.31845108376193826
1770,2020-11-05,15593.555,20.0,0.26218420525155284
1771,2020-11-06,15589.0033,23.0,0.2832487932647323
1772,2020-11-07,14843.945,18.0,0.3121218601244964
1773,2020-11-08,15489.47,16.0,0.33220914798206247
1774,2020-11-09,15334.87,18.0,0.30891693313953356
1775,2020-11-10,15313.4433,16.0,0.31156521818513716
1776,2020-11-11,15706.54,16.0,0.24912035152636364
1777,2020-11-12,16301.0267,18.0,0.3076725214533509
1778,2020-11-13,16330.3433,19.0,0.27727165834719913
1779,2020-11-14,16075.7133,16.0,0.2703585423482365
1780,2020-11-15,15968.245,15.0,0.2681654212322606
1781,2020-11-16,16720.605,19.0,0.23968745618889525
1782,2020-11-17,17676.335,26.0,0.24421369888134906
1783,2020-11-18,17785.2667,30.0,0.22732892754662795
1784,2020-11-19,17815.0783,24.0,0.2359032597078727
1785,2020-11-20,18675.4333,25.0,0.26267510404842864
1786,2020-11-21,18697.5133,26.0,0.23648275986961226
1787,2020-11-22,18423.5133,23.0,0.24435049080849547
1788,2020-11-23,18381.7167,23.0,0.2649007597684508
1789,2020-11-24,19161.2683,30.0,0.25230730783793853
1790,2020-11-25,18723.5467,29.0,0.2356926130295478
1791,2020-11-26,17182.485,32.0,0.24707520318173978
1792,2020-11-27,17156.3033,24.0,0.24149379236532154
1793,2020-11-28,17737.9667,20.0,0.24782670309653929
1794,2020-11-29,18196.5467,19.0,0.2839337126600299
1795,2020-11-30,19708.0967,28.0,0.24753556493381856
1796,2020-12-01,18795.1967,30.0,0.25861220980223504
1797,2020-12-02,19226.22,22.0,0.29308918067226847
1798,2020-12-03,19450.2667,21.0,0.2689380978762692
1799,2020-12-04,18657.42,21.0,0.2327049618320601
1800,2020-12-05,19157.925,19.0,0.2629113500813301
1801,2020-12-06,19386.7117,18.0,0.26237658519305623
1802,2020-12-07,19185.3967,18.0,0.29207942481803656
1803,2020-12-08,18322.5533,18.0,0.24545639374425055
1804,2020-12-09,18553.92,19.0,0.2731350107836088
1805,2020-12-10,18255.9233,17.0,0.25687112115732397
1806,2020-12-11,18039.7617,18.0,0.2704887576020851
1807,2020-12-12,18811.0617,16.0,0.26254669026548666
1808,2020-12-13,19168.7533,17.0,0.26867893686502115
1809,2020-12-14,19274.8733,17.0,0.26313067219318687
1810,2020-12-15,19444.5483,18.0,0.25626010535557486
1811,2020-12-16,21349.8467,33.0,0.259681439608064
1812,2020-12-17,22812.2817,53.0,0.28582776240846164
1813,2020-12-18,23133.2867,36.0,0.2400072220356048
1814,2020-12-19,23835.305,30.0,0.29067096281202315
1815,2020-12-20,23458.9967,32.0,0.2502286409454285
1816,2020-12-21,22718.225,33.0,0.2537484662576691
1817,2020-12-22,23817.3067,28.0,0.24804898168748934
1818,2020-12-23,23229.0133,27.0,0.20275318640013731
1819,2020-12-24,23729.6483,24.0,0.28686681810239373
1820,2020-12-25,24707.8017,28.0,0.3098433402705523
1821,2020-12-26,26445.95,39.0,0.22866996298254808
1822,2020-12-27,26248.2767,53.0,0.2263634525401058
1823,2020-12-28,27041.8667,41.0,0.2206311648501355
1824,2020-12-29,27353.9783,37.0,0.2226706471095779
1825,2020-12-30,28886.04,41.0,0.24111859794557522
1826,2020-12-31,28956.265,41.0,0.32006877025413427
1827,2021-01-01,29391.775,39.0,0.2312269400203303
1828,2021-01-02,32198.48,68.0,0.21197937188947946
1829,2021-01-03,33033.62,81.0,0.24013254847645402
1830,2021-01-04,32017.565,68.0,0.24760164327284997
1831,2021-01-05,34035.0067,56.0,0.27334887932580304
1832,2021-01-06,36826.9783,63.0,0.19914022411128157
1833,2021-01-07,39475.6067,85.0,0.24768453077878355
1834,2021-01-08,40616.7217,91.0,0.2508410334346508
1835,2021-01-09,40227.8683,69.0,0.2502280616819072
1836,2021-01-10,38191.55,67.0,0.23932562566090873
1837,2021-01-11,35463.1883,100.0,0.16608078310149468
1838,2021-01-12,34059.9133,76.0,0.2093003295178611
1839,2021-01-13,37375.8033,65.0,0.16968769716088225
1840,2021-01-14,39138.075,67.0,0.1725497507477541
1841,2021-01-15,36770.0433,61.0,0.21892001392272756
1842,2021-01-16,36029.1967,50.0,0.21848422540187196
1843,2021-01-17,35845.0217,46.0,0.23388775017253152
1844,2021-01-18,36656.9933,43.0,0.2014653799126629
1845,2021-01-19,35929.1683,41.0,0.22974384195040629
1846,2021-01-20,35510.67,42.0,0.251970060305073
1847,2021-01-21,30838.5,52.0,0.1744209819851647
1848,2021-01-22,33018.825,55.0,0.2385400241837962
1849,2021-01-23,32106.7033,40.0,0.23147489871410967
1850,2021-01-24,32297.165,37.0,0.2386149106382976
1851,2021-01-25,32255.35,38.0,0.22253909760589244
1852,2021-01-26,32518.3583,36.0,0.2509438481906435
1853,2021-01-27,30425.3933,39.0,0.2179695816186539
1854,2021-01-28,33420.045,39.0,0.24002737161198137
1855,2021-01-29,34264.01,62.0,0.2581686274509794
1856,2021-01-30,34324.2717,44.0,0.25277722504230193
1857,2021-01-31,33129.7433,38.0,0.24894445048966238
1858,2021-02-01,33543.77,38.0,0.26541032608695797
1859,2021-02-02,35528.31,36.0,0.2790579632199864
1860,2021-02-03,37685.2767,37.0,0.27641175291545084
1861,2021-02-04,36984.6783,40.0,0.2873639134199112
1862,2021-02-05,38306.2467,36.0,0.20464471651602262
1863,2021-02-06,39269.3417,44.0,0.2540390140095762
1864,2021-02-07,38862.35,39.0,0.26658238597685535
1865,2021-02-08,46436.09,83.0,0.21820885850178312
1866,2021-02-09,46502.2933,98.0,0.23382385240112852
1867,2021-02-10,44855.6167,67.0,0.2202482240437161
1868,2021-02-11,48004.6533,60.0,0.21873226780323138
1869,2021-02-12,47410.4033,59.0,0.24852016864567195
1870,2021-02-13,47211.6683,48.0,0.2564617601110912
1871,2021-02-14,48633.26,54.0,0.24095301701908056
1872,2021-02-15,47934.1267,54.0,0.24637670648464002
1873,2021-02-16,49185.7283,65.0,0.27087187940761553
1874,2021-02-17,52127.32,66.0,0.24838516095713403
1875,2021-02-18,51573.4067,61.0,0.2397992746113986
1876,2021-02-19,55923.13,67.0,0.2477398800872077
1877,2021-02-20,55898.44,78.0,0.23539944153577597
1878,2021-02-21,57441.6,69.0,0.2516360868102276
1879,2021-02-22,54117.495,78.0,0.2421408724025398
1880,2021-02-23,48901.0167,98.0,0.32297032353424276
1881,2021-02-24,49734.52,75.0,0.33433918615828384
1882,2021-02-25,47104.7833,57.0,0.2823837883383878
1883,2021-02-26,46329.74,60.0,0.2686459501289775
1884,2021-02-27,46189.3783,50.0,0.2391877099911564
1885,2021-02-28,45256.4133,55.0,0.2744219426974131
1886,2021-03-01,49619.6433,53.0,0.2553562499999988
1887,2021-03-02,48502.8083,47.0,0.29651539631570006
1888,2021-03-03,50422.1683,44.0,0.30262620413841124
1889,2021-03-04,48365.145,42.0,0.287159824467132
1890,2021-03-05,48780.96,41.0,0.2730620382165598
1891,2021-03-06,48887.0233,36.0,0.25733313609467234
1892,2021-03-07,50985.9417,40.0,0.30911290711700695
1893,2021-03-08,52393.36,40.0,0.29576855277475494
1894,2021-03-09,54932.3367,47.0,0.2528147296137331
1895,2021-03-10,55890.255,47.0,0.2635066793562906
1896,2021-03-11,57827.6133,45.0,0.27726577994933
1897,2021-03-12,57254.9,42.0,0.2593131690889737
1898,2021-03-13,61184.8267,59.0,0.2873592763522235
1899,2021-03-14,58991.5683,57.0,0.24204682685252965
1900,2021-03-15,55652.0067,50.0,0.2669127762302677
1901,2021-03-16,56921.495,45.0,0.27182448715579294
1902,2021-03-17,58899.975,45.0,0.30340320174640556
1903,2021-03-18,57638.09,43.0,0.3084197728446026
1904,2021-03-19,58069.2567,38.0,0.3468922124470464
1905,2021-03-20,58119.0917,37.0,0.27863065378644164
1906,2021-03-21,57372.9783,37.0,0.29883744649171823
1907,2021-03-22,54091.9683,40.0,0.26022695258705486
1908,2021-03-23,54343.355,39.0,0.2732032697066074
1909,2021-03-24,52291.855,44.0,0.2884444265809218
1910,2021-03-25,51344.275,48.0,0.35240084817642153
1911,2021-03-26,55046.03,40.0,0.3187552904018235
1912,2021-03-27,55853.7717,36.0,0.30326195895844
1913,2021-03-28,55777.2867,36.0,0.2962579922371194
1914,2021-03-29,57641.5567,39.0,0.32564713816358554
1915,2021-03-30,58795.9467,40.0,0.3202280417566607
1916,2021-03-31,58793.8417,40.0,0.3778453576115471
1917,2021-04-01,58726.6833,43.0,0.3178153406136216
