datetime,px_change
2016-01-01,0.0
2016-01-02,-0.8770000000000095
2016-01-03,-3.2250000000000227
2016-01-04,3.132000000000005
2016-01-05,-1.240000000000009
2016-01-06,-2.7889999999999873
2016-01-07,28.815999999999974
2016-01-08,-4.909999999999968
2016-01-09,-4.227000000000032
2016-01-10,-0.17899999999997362
2016-01-11,-0.5790000000000077
2016-01-12,-15.500999999999976
2016-01-13,-0.8439999999999941
2016-01-14,-2.3110000000000355
2016-01-15,-70.96299999999997
2016-01-16,28.899
2016-01-17,-7.456999999999994
2016-01-18,5.635999999999967
2016-01-19,-8.09899999999999
2016-01-20,40.997000000000014
2016-01-21,-8.797000000000025
2016-01-22,-28.18399999999997
2016-01-23,4.42999999999995
2016-01-24,16.41900000000004
2016-01-25,-11.947000000000003
2016-01-26,0.7669999999999959
2016-01-27,3.1990000000000123
2016-01-28,-15.245000000000005
2016-01-29,-1.184000000000026
2016-01-30,-1.2629999999999768
2016-01-31,-9.802000000000021
2016-02-01,4.1129999999999995
2016-02-02,1.629000000000019
2016-02-03,-3.944000000000017
2016-02-04,19.67900000000003
2016-02-05,-3.274000000000001
2016-02-06,-9.93300000000005
2016-02-07,-0.1209999999999809
2016-02-08,-4.182999999999993
2016-02-09,2.2200000000000273
2016-02-10,6.638999999999953
2016-02-11,-2.2399999999999523
2016-02-12,5.405999999999949
2016-02-13,9.05600000000004
2016-02-14,14.555999999999983
2016-02-15,-7.252999999999986
2016-02-16,7.875999999999976
2016-02-17,8.199999999999989
2016-02-18,6.076000000000022
2016-02-19,-1.3029999999999973
2016-02-20,16.182999999999993
2016-02-21,2.4680000000000177
2016-02-22,-0.9130000000000109
2016-02-23,-18.091000000000008
2016-02-24,4.381000000000029
2016-02-25,-0.8450000000000273
2016-02-26,8.547000000000025
2016-02-27,0.07399999999995543
2016-02-28,0.5020000000000095
2016-02-29,3.9680000000000177
2016-03-01,-2.9710000000000036
2016-03-02,-12.038999999999987
2016-03-03,-2.132000000000005
2016-03-04,-11.48399999999998
2016-03-05,-10.149000000000001
2016-03-06,6.7169999999999845
2016-03-07,8.432000000000016
2016-03-08,-1.2240000000000464
2016-03-09,0.8600000000000136
2016-03-10,3.54200000000003
2016-03-11,3.7269999999999754
2016-03-12,-9.754999999999995
2016-03-13,2.158999999999992
2016-03-14,2.8000000000000114
2016-03-15,0.29199999999997317
2016-03-16,0.8700000000000045
2016-03-17,2.1990000000000123
2016-03-18,-10.415999999999997
2016-03-19,0.48399999999998045
2016-03-20,2.2309999999999945
2016-03-21,0.6720000000000255
2016-03-22,5.502999999999986
2016-03-23,0.4600000000000364
2016-03-24,-3.045000000000016
2016-03-25,1.3460000000000036
2016-03-26,1.0430000000000064
2016-03-27,8.647999999999968
2016-03-28,-2.622000000000014
2016-03-29,-7.2029999999999745
2016-03-30,-2.8629999999999995
2016-03-31,2.4710000000000036
2016-04-01,1.8480000000000132
2016-04-02,2.676999999999964
2016-04-03,-0.3009999999999877
2016-04-04,0.03100000000000591
2016-04-05,3.237000000000023
2016-04-06,-0.9530000000000314
2016-04-07,-0.4959999999999809
2016-04-08,-3.115000000000009
2016-04-09,0.3299999999999841
2016-04-10,2.6920000000000073
2016-04-11,1.879000000000019
2016-04-12,3.0
2016-04-13,-1.5889999999999986
2016-04-14,0.7049999999999841
2016-04-15,4.874000000000024
2016-04-16,0.8569999999999709
2016-04-17,-2.974999999999966
2016-04-18,1.1919999999999504
2016-04-19,7.051000000000045
2016-04-20,6.050999999999988
2016-04-21,8.94599999999997
2016-04-22,-3.4659999999999513
2016-04-23,4.947999999999979
2016-04-24,7.742999999999995
2016-04-25,2.1829999999999927
2016-04-26,5.293000000000006
2016-04-27,-22.790999999999997
2016-04-28,4.843999999999994
2016-04-29,6.494000000000028
2016-04-30,-7.016999999999996
2016-05-01,3.7089999999999463
2016-05-02,-8.528999999999996
2016-05-03,5.761000000000024
2016-05-04,-3.312000000000012
2016-05-05,1.5649999999999977
2016-05-06,11.847000000000037
2016-05-07,-0.9090000000000487
2016-05-08,-0.027999999999963165
2016-05-09,2.0539999999999736
2016-05-10,-10.503999999999962
2016-05-11,1.1259999999999764
2016-05-12,2.704999999999984
2016-05-13,0.91700000000003
2016-05-14,0.01799999999997226
2016-05-15,2.0950000000000273
2016-05-16,-4.437999999999988
2016-05-17,-0.6640000000000441
2016-05-18,0.632000000000005
2016-05-19,-16.649
2016-05-20,6.2239999999999895
2016-05-21,0.18200000000001637
2016-05-22,-4.361999999999966
2016-05-23,4.960999999999956
2016-05-24,1.396000000000015
2016-05-25,4.103999999999985
2016-05-26,4.585000000000036
2016-05-27,19.647999999999968
2016-05-28,51.96600000000001
2016-05-29,-1.3500000000000227
2016-05-30,8.503000000000043
2016-05-31,-0.7889999999999873
2016-06-01,4.626999999999953
2016-06-02,1.7210000000000036
2016-06-03,32.32600000000002
2016-06-04,2.979000000000042
2016-06-05,0.6559999999999491
2016-06-06,11.424999999999955
2016-06-07,-7.6749999999999545
2016-06-08,5.249000000000024
2016-06-09,-6.651000000000067
2016-06-10,2.677000000000021
2016-06-11,32.64600000000007
2016-06-12,63.56599999999992
2016-06-13,30.276000000000067
2016-06-14,-19.629999999999995
2016-06-15,10.333999999999946
2016-06-16,71.91899999999998
2016-06-17,-20.687999999999988
2016-06-18,8.129999999999995
2016-06-19,8.36099999999999
2016-06-20,-36.096000000000004
2016-06-21,-62.07299999999998
2016-06-22,-62.98900000000003
2016-06-23,22.60800000000006
2016-06-24,39.66700000000003
2016-06-25,0.16699999999991633
2016-06-26,-35.08299999999997
2016-06-27,28.15300000000002
2016-06-28,-12.095000000000027
2016-06-29,-7.22199999999998
2016-06-30,33.40300000000002
2016-07-01,4.038000000000011
2016-07-02,27.16300000000001
2016-07-03,-43.99800000000005
2016-07-04,21.942000000000007
2016-07-05,-13.538000000000011
2016-07-06,8.021000000000072
2016-07-07,-36.35200000000009
2016-07-08,24.982000000000085
2016-07-09,-14.1160000000001
2016-07-10,-0.6649999999999636
2016-07-11,-0.9349999999999454
2016-07-12,15.812000000000012
2016-07-13,-10.905000000000086
2016-07-14,5.701999999999998
2016-07-15,5.240000000000009
2016-07-16,-1.3349999999999227
2016-07-17,15.509999999999991
2016-07-18,-5.456999999999994
2016-07-19,0.24899999999990996
2016-07-20,-7.663000000000011
2016-07-21,-1.0809999999999036
2016-07-22,-14.277000000000044
2016-07-23,4.039999999999964
2016-07-24,6.187999999999988
2016-07-25,-5.914999999999964
2016-07-26,-4.057999999999993
2016-07-27,4.365000000000009
2016-07-28,0.18499999999994543
2016-07-29,1.04200000000003
2016-07-30,-1.6929999999999836
2016-07-31,-29.095000000000027
2016-08-01,-18.506999999999948
2016-08-02,-54.553
2016-08-03,12.44279999999992
2016-08-04,13.057500000000005
2016-08-05,-3.3649999999998954
2016-08-06,13.466199999999958
2016-08-07,4.357499999999959
2016-08-08,-2.1575000000000273
2016-08-09,-5.863699999999994
2016-08-10,8.13370000000009
2016-08-11,-6.367500000000064
2016-08-12,-0.49869999999998527
2016-08-13,-0.9449999999999363
2016-08-14,-13.637500000000045
2016-08-15,-4.241300000000024
2016-08-16,9.046299999999974
2016-08-17,-4.503799999999956
2016-08-18,0.75750000000005
2016-08-19,1.161299999999983
2016-08-20,7.038699999999949
2016-08-21,-0.012499999999931788
2016-08-22,4.0424999999999045
2016-08-23,-3.4511999999999716
2016-08-24,-3.286299999999983
2016-08-25,-2.2612000000000307
2016-08-26,2.4225000000000136
2016-08-27,-9.490000000000009
2016-08-28,4.888699999999972
2016-08-29,-1.1936999999999216
2016-08-30,3.637499999999932
2016-08-31,-3.6649999999999636
2016-09-01,-0.6399999999999864
2016-09-02,2.453700000000026
2016-09-03,24.236299999999915
2016-09-04,10.533700000000067
2016-09-05,-2.8899999999999864
2016-09-06,5.042500000000018
2016-09-07,3.7174999999999727
2016-09-08,10.161299999999983
2016-09-09,-3.152500000000032
2016-09-10,0.41620000000000346
2016-09-11,-16.403699999999958
2016-09-12,0.49869999999998527
2016-09-13,0.6137999999999693
2016-09-14,1.2987000000000535
2016-09-15,-3.009999999999991
2016-09-16,1.1237999999999602
2016-09-17,-1.0399999999999636
2016-09-18,3.4049999999999727
2016-09-19,-0.1712999999999738
2016-09-20,-9.053700000000049
2016-09-21,-3.6749999999999545
2016-09-22,-0.7638000000000602
2016-09-23,6.678800000000024
2016-09-24,-0.37249999999994543
2016-09-25,-2.1650000000000773
2016-09-26,7.636200000000031
2016-09-27,-2.0499999999999545
2016-09-28,-1.2436999999999898
2016-09-29,1.5399999999999636
2016-09-30,3.3786999999999807
2016-10-01,5.496300000000019
2016-10-02,-3.642500000000041
2016-10-03,2.046199999999999
2016-10-04,-2.9624999999999773
2016-10-05,1.509999999999991
2016-10-06,0.014999999999986358
2016-10-07,5.588799999999992
2016-10-08,0.10750000000007276
2016-10-09,-1.9725000000000819
2016-10-10,2.7987000000000535
2016-10-11,21.951299999999947
2016-10-12,-4.2924999999999045
2016-10-13,-0.06130000000007385
2016-10-14,3.347499999999968
2016-10-15,-0.9961999999999307
2016-10-16,2.456199999999967
2016-10-17,-2.9075000000000273
2016-10-18,-1.411200000000008
2016-10-19,-7.3549999999999045
2016-10-20,0.46869999999989886
2016-10-21,1.5313000000001011
2016-10-22,22.561199999999985
2016-10-23,-3.4700000000000273
2016-10-24,-0.8461999999999534
2016-10-25,4.496199999999931
2016-10-26,21.462499999999977
2016-10-27,12.162500000000023
2016-10-28,1.5763000000000602
2016-10-29,24.773699999999963
2016-10-30,-16.516200000000026
2016-10-31,1.0149999999999864
2016-11-01,31.902500000000032
2016-11-02,13.193700000000035
2016-11-03,-54.95749999999998
2016-11-04,15.029999999999973
2016-11-05,1.6263000000000147
2016-11-06,8.072499999999991
2016-11-07,-8.217499999999973
2016-11-08,5.133699999999976
2016-11-09,12.038799999999924
2016-11-10,-7.523799999999937
2016-11-11,2.8887999999999465
2016-11-12,-13.009999999999991
2016-11-13,-1.0425000000000182
2016-11-14,3.891200000000026
2016-11-15,5.561300000000074
2016-11-16,30.113699999999994
2016-11-17,-6.663700000000063
2016-11-18,14.271200000000022
2016-11-19,0.9550000000000409
2016-11-20,-22.02500000000009
2016-11-21,8.108800000000087
2016-11-22,11.508699999999976
2016-11-23,-6.628699999999981
2016-11-24,-5.197499999999991
2016-11-25,1.8786999999999807
2016-11-26,-5.453700000000026
2016-11-27,-4.398800000000051
2016-11-28,3.3213000000000648
2016-11-29,0.018699999999967076
2016-11-30,10.242500000000064
2016-12-01,11.247499999999945
2016-12-02,18.152500000000032
2016-12-03,-6.435000000000059
2016-12-04,1.4913000000000238
2016-12-05,-15.754999999999995
2016-12-06,8.101199999999949
2016-12-07,5.087500000000091
2016-12-08,2.8537999999999784
2016-12-09,3.663699999999949
2016-12-10,2.7963000000000875
2016-12-11,-4.590000000000032
2016-12-12,9.289999999999964
2016-12-13,-2.661299999999983
2016-12-14,1.3863000000000056
2016-12-15,-1.1562999999999874
2016-12-16,5.3700000000000045
2016-12-17,7.726299999999924
2016-12-18,0.012500000000045475
2016-12-19,1.5674999999999955
2016-12-20,8.62869999999998
2016-12-21,34.317499999999995
2016-12-22,25.633800000000065
2016-12-23,58.051199999999994
2016-12-24,-22.585000000000036
2016-12-25,0.2799999999999727
2016-12-26,8.071300000000065
2016-12-27,28.559999999999945
2016-12-28,46.89499999999998
2016-12-29,-8.383799999999951
2016-12-30,-9.153699999999958
2016-12-31,7.756199999999922
2017-01-01,29.46130000000005
2017-01-02,20.36119999999994
2017-01-03,12.767500000000155
2017-01-04,99.05249999999978
2017-01-05,-124.05499999999984
2017-01-06,-110.1450000000001
2017-01-07,9.5
2017-01-08,8.353800000000092
2017-01-09,-14.173800000000028
2017-01-10,5.4424999999999955
2017-01-11,-128.81119999999999
2017-01-12,26.847499999999968
2017-01-13,23.292500000000018
2017-01-14,-7.482500000000073
2017-01-15,3.783700000000067
2017-01-16,7.841299999999933
2017-01-17,74.19000000000005
2017-01-18,-20.202499999999986
2017-01-19,13.769999999999982
2017-01-20,-6.397500000000036
2017-01-21,28.387500000000045
2017-01-22,5.32000000000005
2017-01-23,-12.643800000000056
2017-01-24,-27.039999999999964
2017-01-25,8.462499999999977
2017-01-26,20.99000000000001
2017-01-27,3.4624999999999773
2017-01-28,1.7174999999999727
2017-01-29,-6.23619999999994
2017-01-30,6.197499999999991
2017-01-31,47.426199999999994
2017-02-01,19.678800000000024
2017-02-02,20.448699999999917
2017-02-03,10.31630000000007
2017-02-04,15.54119999999989
2017-02-05,-19.658699999999953
2017-02-06,10.61869999999999
2017-02-07,27.926300000000083
2017-02-08,1.8050000000000637
2017-02-09,-65.39630000000011
2017-02-10,4.13130000000001
2017-02-11,16.923700000000053
2017-02-12,-10.490000000000009
2017-02-13,-2.6550000000000864
2017-02-14,12.393800000000056
2017-02-15,-0.1349999999999909
2017-02-16,24.966199999999958
2017-02-17,19.039999999999964
2017-02-18,5.283800000000156
2017-02-19,-5.588799999999992
2017-02-20,30.4237999999998
2017-02-21,40.41500000000019
2017-02-22,-1.4613000000001648
2017-02-23,56.18900000000008
2017-02-24,2.533999999999878
2017-02-25,-29.33699999999999
2017-02-26,28.38700000000017
2017-02-27,14.309999999999945
2017-02-28,-3.3900000000001
2017-03-01,39.128000000000156
2017-03-02,30.9079999999999
2017-03-03,29.86200000000008
2017-03-04,-23.105999999999995
2017-03-05,10.004999999999882
2017-03-06,3.1829999999999927
2017-03-07,-48.4369999999999
2017-03-08,-81.95000000000005
2017-03-09,41.33400000000006
2017-03-10,-74.78999999999996
2017-03-11,64.61999999999989
2017-03-12,47.86000000000013
2017-03-13,13.736999999999853
2017-03-14,3.0670000000000073
2017-03-15,13.292000000000144
2017-03-16,-86.69200000000001
2017-03-17,-102.78100000000018
2017-03-18,-99.52999999999997
2017-03-19,47.202
2017-03-20,23.54300000000012
2017-03-21,73.69599999999991
2017-03-22,-77.59899999999993
2017-03-23,-7.490000000000009
2017-03-24,-94.00400000000002
2017-03-25,28.74599999999998
2017-03-26,0.5370000000000346
2017-03-27,75.26199999999994
2017-03-28,3.759999999999991
2017-03-29,-3.8589999999999236
2017-03-30,-2.865000000000009
2017-03-31,42.221000000000004
2017-04-01,9.76299999999992
2017-04-02,9.2650000000001
2017-04-03,48.85500000000002
2017-04-04,-3.884999999999991
2017-04-05,-8.748000000000047
2017-04-06,55.59899999999993
2017-04-07,2.4220000000000255
2017-04-08,-8.194999999999936
2017-04-09,25.230999999999995
2017-04-10,3.283999999999878
2017-04-11,11.428000000000111
2017-04-12,-8.261999999999944
2017-04-13,-37.97200000000021
2017-04-14,4.907000000000153
2017-04-15,-2.7409999999999854
2017-04-16,4.087999999999965
2017-04-17,18.94399999999996
2017-04-18,13.865000000000009
2017-04-19,9.343000000000075
2017-04-20,28.463999999999942
2017-04-21,1.731999999999971
2017-04-22,-12.759999999999991
2017-04-23,3.8424999999999727
2017-04-24,0.10750000000007276
2017-04-25,15.220000000000027
2017-04-26,21.299999999999955
2017-04-27,44.34500000000003
2017-04-28,-9.138699999999972
2017-04-29,6.9874999999999545
2017-04-30,20.920000000000073
2017-05-01,54.125
2017-05-02,41.59869999999978
2017-05-03,48.31630000000018
2017-05-04,23.62999999999988
2017-05-05,-3.4199999999998454
2017-05-06,36.07749999999987
2017-05-07,7.184999999999945
2017-05-08,83.85120000000006
2017-05-09,67.60879999999997
2017-05-10,49.871200000000044
2017-05-11,50.569999999999936
2017-05-12,-130.37869999999998
2017-05-13,82.96749999999997
2017-05-14,12.455000000000155
2017-05-15,-75.03750000000014
2017-05-16,20.82249999999999
2017-05-17,83.96250000000009
2017-05-18,85.16249999999991
2017-05-19,80.77620000000002
2017-05-20,83.63250000000016
2017-05-21,3.882499999999709
2017-05-22,83.41000000000031
2017-05-23,152.44999999999982
2017-05-24,184.8188
2017-05-25,-118.79250000000002
2017-05-26,-110.02129999999988
2017-05-27,-141.17500000000018
2017-05-28,101.26999999999998
2017-05-29,82.29250000000002
2017-05-30,-92.63619999999992
2017-05-31,133.0
2017-06-01,121.94750000000022
2017-06-02,65.22749999999996
2017-06-03,38.24499999999989
2017-06-04,-2.8450000000002547
2017-06-05,183.7862
2017-06-06,177.48750000000018
2017-06-07,-219.86369999999988
2017-06-08,130.8125
2017-06-09,1.668699999999717
2017-06-10,115.64499999999998
2017-06-11,76.20000000000027
2017-06-12,-335.9500000000003
2017-06-13,56.33630000000039
2017-06-14,-244.44630000000006
2017-06-15,-37.5612000000001
2017-06-16,71.17869999999994
2017-06-17,135.89499999999998
2017-06-18,-87.82619999999997
2017-06-19,65.49369999999999
2017-06-20,137.1624999999999
2017-06-21,-66.67000000000007
2017-06-22,28.632500000000164
2017-06-23,-2.5650000000000546
2017-06-24,-119.10619999999972
2017-06-25,-24.66500000000042
2017-06-26,-109.0949999999998
2017-06-27,107.8112000000001
2017-06-28,-8.606200000000172
2017-06-29,-23.002500000000055
2017-06-30,-61.57749999999987
2017-07-01,-39.783800000000156
2017-07-02,69.58380000000034
2017-07-03,51.2824999999998
2017-07-04,44.00500000000011
2017-07-05,4.201199999999972
2017-07-06,-10.159999999999854
2017-07-07,-97.87620000000015
2017-07-08,58.69749999999976
2017-07-09,-54.25879999999961
2017-07-10,-153.71500000000015
2017-07-11,-39.772500000000036
2017-07-12,90.97249999999985
2017-07-13,-58.64370000000008
2017-07-14,-131.86129999999957
2017-07-15,-239.39620000000014
2017-07-16,-54.316299999999956
2017-07-17,305.32249999999976
2017-07-18,83.63250000000016
2017-07-19,-33.492499999999836
2017-07-20,582.9812999999999
2017-07-21,-183.09500000000025
2017-07-22,144.51870000000008
2017-07-23,-76.18370000000004
2017-07-24,16.417500000000018
2017-07-25,-187.82749999999987
2017-07-26,-41.03630000000021
2017-07-27,147.29250000000002
2017-07-28,107.70630000000028
2017-07-29,-85.09880000000021
2017-07-30,26.246300000000247
2017-07-31,127.50619999999981
2017-08-01,-138.2449999999999
2017-08-02,-12.007500000000164
2017-08-03,90.7813000000001
2017-08-04,69.32000000000016
2017-08-05,418.0774999999999
2017-08-06,-46.75630000000001
2017-08-07,176.96630000000005
2017-08-08,21.193699999999808
2017-08-09,-75.61869999999999
2017-08-10,67.73620000000028
2017-08-11,234.32749999999987
2017-08-12,238.04129999999986
2017-08-13,193.54749999999967
2017-08-14,271.5450000000001
2017-08-15,-178.3112999999994
2017-08-16,220.86629999999968
2017-08-17,-108.95629999999983
2017-08-18,-156.8824999999997
2017-08-19,46.673799999999574
2017-08-20,-94.91129999999976
2017-08-21,-56.277500000000146
2017-08-22,82.72999999999956
2017-08-23,53.54500000000007
2017-08-24,171.25750000000062
2017-08-25,45.848799999999756
2017-08-26,-20.862500000000182
2017-08-27,7.05370000000039
2017-08-28,45.14379999999983
2017-08-29,208.47499999999945
2017-08-30,-17.406299999999646
2017-08-31,134.14000000000033
2017-09-01,185.85629999999946
2017-09-02,-306.7487999999994
2017-09-03,-12.280000000000655
2017-09-04,-311.97369999999955
2017-09-05,102.39999999999964
2017-09-06,204.59870000000046
2017-09-07,11.3774999999996
2017-09-08,-320.5599999999995
2017-09-09,-25.657500000000255
2017-09-10,-100.70499999999993
2017-09-11,-2.3299999999999272
2017-09-12,-40.57750000000033
2017-09-13,-274.00869999999986
2017-09-14,-647.8463000000002
2017-09-15,460.4875000000002
2017-09-16,-8.162499999999909
2017-09-17,-6.171200000000226
2017-09-18,394.5111999999999
2017-09-19,-170.07870000000003
2017-09-20,-38.909999999999854
2017-09-21,-245.4074999999998
2017-09-22,-9.3725000000004
2017-09-23,173.98500000000013
2017-09-24,-115.17380000000003
2017-09-25,265.37879999999996
2017-09-26,-31.98630000000003
2017-09-27,313.0488000000005
2017-09-28,-23.268800000000738
2017-09-29,-21.1886999999997
2017-09-30,188.9436999999998
2017-10-01,41.59130000000005
2017-10-02,9.458700000000135
2017-10-03,-84.00749999999971
2017-10-04,-94.16620000000057
2017-10-05,96.83120000000054
2017-10-06,47.48999999999978
2017-10-07,66.78880000000026
2017-10-08,159.92869999999948
2017-10-09,176.01250000000073
2017-10-10,-18.276200000000244
2017-10-11,76.06750000000011
2017-10-12,608.3674999999994
2017-10-13,200.9937
2017-10-14,169.5663000000004
2017-10-15,-112.30209999999988
2017-10-16,56.82960000000003
2017-10-17,-158.98630000000048
2017-10-18,-23.036199999999553
2017-10-19,127.38500000000022
2017-10-20,284.5024999999996
2017-10-21,29.142499999999927
2017-10-22,-28.272500000000036
2017-10-23,-89.65750000000025
2017-10-24,-376.4487999999992
2017-10-25,215.05379999999968
2017-10-26,154.2412000000004
2017-10-27,-120.46500000000015
2017-10-28,-34.85500000000047
2017-10-29,407.7062999999998
2017-10-30,-18.731299999999464
2017-10-31,325.8674999999994
2017-11-01,302.5050000000001
2017-11-02,279.8299999999999
2017-11-03,131.44880000000012
2017-11-04,225.54750000000058
2017-11-05,-4.550000000000182
2017-11-06,-424.2375000000002
2017-11-07,160.59000000000015
2017-11-08,339.9937
2017-11-09,-312.0137000000004
2017-11-10,-576.4687999999996
2017-11-11,-233.3125
2017-11-12,-479.6824999999999
2017-11-13,660.3588
2017-11-14,81.09249999999975
2017-11-15,680.2325000000001
2017-11-16,564.9362000000001
2017-11-17,-154.02869999999984
2017-11-18,87.03119999999944
2017-11-19,256.9963000000007
2017-11-20,204.26619999999912
2017-11-21,-142.60869999999977
2017-11-22,135.09869999999955
2017-11-23,-228.05119999999897
2017-11-24,198.82000000000062
2017-11-25,562.323699999999
2017-11-26,562.8037999999997
2017-11-27,412.46620000000075
2017-11-28,169.17380000000048
2017-11-29,-91.88130000000092
2017-11-30,100.1887999999999
2017-12-01,943.0262000000002
2017-12-02,35.45130000000063
2017-12-03,285.8737000000001
2017-12-04,435.96749999999884
2017-12-05,79.20330000000104
2017-12-06,2012.932999999999
2017-12-07,3149.0287000000008
2017-12-08,-800.875
2017-12-09,-1143.7412000000004
2017-12-10,123.55249999999978
2017-12-11,1662.7212000000018
2017-12-12,478.4249999999993
2017-12-13,-770.9000000000015
2017-12-14,123.88130000000092
2017-12-15,1070.8600000000006
2017-12-16,1741.0962
2017-12-17,-256.3961999999992
2017-12-18,-126.12130000000252
2017-12-19,-1352.1725000000006
2017-12-20,-1153.6274999999987
2017-12-21,-893.6725000000006
2017-12-22,-1703.9049999999988
2017-12-23,691.5649999999987
2017-12-24,-573.2736999999997
2017-12-25,-58.408799999999246
2017-12-26,1828.2299999999996
2017-12-27,-366.97249999999985
2017-12-28,-949.5249999999996
2017-12-29,-0.8899999999994179
2017-12-30,-1798.056200000001
2017-12-31,1230.3225000000002
2018-01-01,-447.6962999999996
2018-01-02,1328.3162999999986
2018-01-03,393.89500000000044
2018-01-04,20.575000000000728
2018-01-05,1781.9475000000002
2018-01-06,198.66249999999854
2018-01-07,-957.3412999999982
2018-01-08,-1208.1375000000007
2018-01-09,-530.8837000000003
2018-01-10,451.2487000000001
2018-01-11,-1603.4624999999996
2018-01-12,525.4549999999999
2018-01-13,376.0699999999997
2018-01-14,-569.7561999999998
2018-01-15,-33.12750000000051
2018-01-16,-2237.881299999999
2018-01-17,-206.77120000000104
2018-01-18,109.39869999999974
2018-01-19,264.27750000000015
2018-01-20,1244.7163
2018-01-21,-1236.7824999999993
2018-01-22,-750.7088000000003
2018-01-23,67.67630000000099
2018-01-24,559.6936999999998
2018-01-25,-262.28250000000116
2018-01-26,-47.17369999999937
2018-01-27,317.09000000000015
2018-01-28,287.3137000000006
2018-01-29,-536.0737000000008
2018-01-30,-1123.3963000000003
2018-01-31,131.5087999999996
2018-02-01,-1113.9299999999985
2018-02-02,-224.94630000000143
2018-02-03,396.7613000000001
2018-02-04,-1037.7424999999994
2018-02-05,-1272.3887999999997
2018-02-06,786.1262999999999
2018-02-07,-118.58250000000044
2018-02-08,655.4325000000008
2018-02-09,452.60249999999905
2018-02-10,-133.22630000000026
2018-02-11,-485.8161999999993
2018-02-12,820.4161999999997
2018-02-13,-374.96869999999944
2018-02-14,961.5962
2018-02-15,538.648799999999
2018-02-16,162.22370000000046
2018-02-17,913.4349999999995
2018-02-18,-695.5174999999999
2018-02-19,763.0938000000006
2018-02-20,68.51749999999993
2018-02-21,-772.0687999999991
2018-02-22,-625.7462000000014
2018-02-23,319.03620000000046
2018-02-24,-467.0799999999999
2018-02-25,-95.92250000000058
2018-02-26,726.6225000000013
2018-02-27,251.33629999999903
2018-02-28,-254.77750000000015
2018-03-01,597.9487000000008
2018-03-02,111.93130000000019
2018-03-03,419.1299999999992
2018-03-04,41.07999999999993
2018-03-05,-46.74879999999939
2018-03-06,-723.4549999999999
2018-03-07,-802.7275000000009
2018-03-08,-607.5162
2018-03-09,-62.233799999999974
2018-03-10,-449.886199999999
2018-03-11,745.5774999999994
2018-03-12,-414.46999999999935
2018-03-13,25.87619999999879
2018-03-14,-947.25
2018-03-15,60.096300000001065
2018-03-16,12.333699999999226
2018-03-17,-407.21869999999944
2018-03-18,333.91369999999915
2018-03-19,398.1688000000013
2018-03-20,321.71249999999964
2018-03-21,-20.50380000000041
2018-03-22,-182.50870000000032
2018-03-23,205.85250000000087
2018-03-24,-382.85000000000036
2018-03-25,-86.0588000000007
2018-03-26,-311.4986999999992
2018-03-27,-348.1787999999997
2018-03-28,147.04749999999967
2018-03-29,-850.7174999999997
2018-03-30,-242.16620000000057
2018-03-31,81.69620000000032
2018-04-01,-109.27750000000015
2018-04-02,233.0538000000006
2018-04-03,368.09369999999944
2018-04-04,-628.5861999999997
2018-04-05,-14.550000000000182
2018-04-06,-154.34249999999975
2018-04-07,275.8724999999995
2018-04-08,126.42750000000069
2018-04-09,-248.77000000000044
2018-04-10,56.965000000000146
2018-04-11,108.64620000000014
2018-04-12,976.8225000000002
2018-04-13,-27.141200000000026
2018-04-14,114.44999999999982
2018-04-15,353.3562000000002
2018-04-16,-305.6925000000001
2018-04-17,-161.19500000000062
2018-04-18,273.53999999999996
2018-04-19,110.05130000000008
2018-04-20,589.7612000000008
2018-04-21,54.09379999999874
2018-04-22,-124.76629999999932
2018-04-23,145.47379999999976
2018-04-24,713.8525000000009
2018-04-25,-788.0688000000009
2018-04-26,414.90999999999985
2018-04-27,-300.66499999999905
2018-04-28,364.1387999999988
2018-04-29,49.56000000000131
2018-04-30,-147.70880000000034
2018-05-01,-176.60750000000007
2018-05-02,152.14879999999903
2018-05-03,514.8112000000001
2018-05-04,-41.95749999999862
2018-05-05,133.8799999999992
2018-05-06,-207.45370000000003
2018-05-07,-256.6100000000006
2018-05-08,-182.375
2018-05-09,125.84120000000075
2018-05-10,-291.3850000000002
2018-05-11,-608.4400000000005
2018-05-12,61.48130000000128
2018-05-13,220.3724999999995
2018-05-14,-12.822500000000218
2018-05-15,-200.96750000000065
2018-05-16,-133.9399999999987
2018-05-17,-281.6950000000006
2018-05-18,182.1212000000005
2018-05-19,-6.572500000000218
2018-05-20,286.65999999999985
2018-05-21,-125.57999999999993
2018-05-22,-411.71500000000015
2018-05-23,-480.95870000000014
2018-05-24,76.13250000000062
2018-05-25,-117.9975000000004
2018-05-26,-126.52999999999975
2018-05-27,10.80369999999948
2018-05-28,-239.29500000000007
2018-05-29,354.91130000000067
2018-05-30,-84.91380000000026
2018-05-31,111.51749999999993
2018-06-01,31.05749999999989
2018-06-02,117.94880000000012
2018-06-03,75.17119999999977
2018-06-04,-220.77499999999964
2018-06-05,126.30130000000008
2018-06-06,39.087499999999636
2018-06-07,32.025000000000546
2018-06-08,-71.90130000000045
2018-06-09,-118.75870000000032
2018-06-10,-731.5424999999996
2018-06-11,111.38119999999981
2018-06-12,-328.85249999999996
2018-06-13,-248.8074999999999
2018-06-14,338.21630000000005
2018-06-15,-227.01630000000023
2018-06-16,75.14630000000034
2018-06-17,-42.19630000000052
2018-06-18,265.8074999999999
2018-06-19,27.9338000000007
2018-06-20,20.965000000000146
2018-06-21,-41.17630000000008
2018-06-22,-663.3062
2018-06-23,116.66370000000006
2018-06-24,-20.3712000000005
2018-06-25,97.27869999999984
2018-06-26,-172.55000000000018
2018-06-27,57.64500000000044
2018-06-28,-284.2987000000003
2018-06-29,355.6375000000007
2018-06-30,183.40499999999975
2018-07-01,-39.44750000000022
2018-07-02,265.41120000000046
2018-07-03,-108.34370000000035
2018-07-04,79.84000000000015
2018-07-05,-53.56630000000041
2018-07-06,69.78629999999976
2018-07-07,154.57500000000073
2018-07-08,-51.37880000000041
2018-07-09,-39.97620000000006
2018-07-10,-361.71630000000005
2018-07-11,79.38250000000062
2018-07-12,-136.2387000000008
2018-07-13,-28.027499999999236
2018-07-14,29.62119999999959
2018-07-15,101.8100000000004
2018-07-16,377.3674999999994
2018-07-17,588.5375000000004
2018-07-18,63.8149999999996
2018-07-19,92.06750000000011
2018-07-20,-140.28870000000006
2018-07-21,73.75120000000061
2018-07-22,-8.001200000000608
2018-07-23,321.21370000000024
2018-07-24,680.1350000000002
2018-07-25,-230.875
2018-07-26,-237.15000000000055
2018-07-27,253.41499999999996
2018-07-28,46.93499999999949
2018-07-29,-14.399999999999636
2018-07-30,-47.56119999999919
2018-07-31,-441.1075000000001
2018-08-01,-123.14249999999993
2018-08-02,-68.72879999999986
2018-08-03,-119.45870000000014
2018-08-04,-406.47249999999985
2018-08-05,17.902499999999236
2018-08-06,-89.91749999999956
2018-08-07,-219.86499999999978
2018-08-08,-436.6288000000004
2018-08-09,257.3225000000002
2018-08-10,-394.59749999999985
2018-08-11,90.07629999999972
2018-08-12,79.45250000000033
2018-08-13,-60.46380000000045
2018-08-14,-60.0636999999997
2018-08-15,77.73619999999937
2018-08-16,44.19880000000012
2018-08-17,268.9975000000004
2018-08-18,-187.88630000000012
2018-08-19,90.39379999999983
2018-08-20,-229.13999999999942
2018-08-21,220.76999999999953
2018-08-22,-119.78880000000026
2018-08-23,168.02130000000034
2018-08-24,167.01249999999982
2018-08-25,39.88119999999981
2018-08-26,-24.86999999999989
2018-08-27,200.02880000000005
2018-08-28,169.08370000000014
2018-08-29,-40.93249999999989
2018-08-30,-53.412500000000364
2018-08-31,31.57380000000012
2018-09-01,178.32499999999982
2018-09-02,102.83120000000054
2018-09-03,-33.643700000000536
2018-09-04,97.01000000000022
2018-09-05,-671.4838
2018-09-06,-188.39369999999963
2018-09-07,-102.35000000000036
2018-09-08,-212.88879999999972
2018-09-09,55.159999999999854
2018-09-10,67.03380000000016
2018-09-11,-22.652500000000146
2018-09-12,46.00870000000032
2018-09-13,157.6912999999995
2018-09-14,5.753700000000208
2018-09-15,23.523799999999937
2018-09-16,-18.532500000000255
2018-09-17,-246.20629999999983
2018-09-18,83.03629999999976
2018-09-19,54.782500000000255
2018-09-20,102.66120000000046
2018-09-21,261.53999999999996
2018-09-22,-41.01250000000073
2018-09-23,-10.86999999999989
2018-09-24,-119.78749999999945
2018-09-25,-146.86120000000028
2018-09-26,24.003700000000208
2018-09-27,225.47879999999986
2018-09-28,-62.46630000000005
2018-09-29,-37.893699999999626
2018-09-30,22.3136999999997
2018-10-01,-27.291199999999662
2018-10-02,-72.13630000000012
2018-10-03,-35.94369999999981
2018-10-04,85.16119999999955
2018-10-05,33.52880000000005
2018-10-06,-25.978799999999865
2018-10-07,18.976300000000265
2018-10-08,40.0
2018-10-09,-15.518800000000738
2018-10-10,-56.151199999999335
2018-10-11,-373.4975000000004
2018-10-12,34.4350000000004
2018-10-13,15.841199999999844
2018-10-14,-5.295000000000073
2018-10-15,291.16879999999946
2018-10-16,17.978700000000572
2018-10-17,-16.721199999999953
2018-10-18,-63.856300000000374
2018-10-19,-31.93249999999989
2018-10-20,36.63249999999971
2018-10-21,-1.6649999999999636
2018-10-22,-5.721199999999953
2018-10-23,-13.844999999999345
2018-10-24,16.05619999999999
2018-10-25,-22.912500000000364
2018-10-26,9.57380000000012
2018-10-27,-5.882499999999709
2018-10-28,-4.538800000000265
2018-10-29,-141.3162000000002
2018-10-30,-1.707499999999527
2018-10-31,36.93249999999989
2018-11-01,37.9411999999993
2018-11-02,10.454999999999927
2018-11-03,-22.04869999999937
2018-11-04,92.67249999999967
2018-11-05,-18.613800000000083
2018-11-06,45.1225000000004
2018-11-07,54.12129999999979
2018-11-08,-94.84500000000025
2018-11-09,-71.38749999999982
2018-11-10,14.79870000000028
2018-11-11,12.139999999999418
2018-11-12,-24.791199999999662
2018-11-13,-48.77880000000005
2018-11-14,-625.2636999999995
2018-11-15,-61.103800000000774
2018-11-16,-72.64369999999963
2018-11-17,-12.162500000000364
2018-11-18,46.62870000000021
2018-11-19,-797.5461999999998
2018-11-20,-371.35130000000026
2018-11-21,160.5563000000002
2018-11-22,-284.6700000000001
2018-11-23,30.30500000000029
2018-11-24,-504.0725000000002
2018-11-25,160.6500000000001
2018-11-26,-215.1500000000001
2018-11-27,38.77500000000009
2018-11-28,441.37869999999975
2018-11-29,22.300000000000182
2018-11-30,-271.7199999999998
2018-12-01,173.45130000000017
2018-12-02,-48.99250000000029
2018-12-03,-260.93049999999994
2018-12-04,73.94499999999971
2018-12-05,-207.23659999999973
2018-12-06,-256.24170000000004
2018-12-07,-61.69329999999991
2018-12-08,28.9065999999998
2018-12-09,132.97839999999997
2018-12-10,-118.99670000000015
2018-12-11,-69.23000000000002
2018-12-12,87.22170000000006
2018-12-13,-173.24839999999995
2018-12-14,-68.32499999999982
2018-12-15,-9.378299999999854
2018-12-16,14.783299999999599
2018-12-17,311.02840000000015
2018-12-18,163.60829999999987
2018-12-19,21.188300000000254
2018-12-20,382.6934000000001
2018-12-21,-221.38170000000036
2018-12-22,145.59000000000015
2018-12-23,-44.01330000000007
2018-12-24,81.92500000000018
2018-12-25,-246.74839999999995
2018-12-26,-13.86830000000009
2018-12-27,-176.51000000000022
2018-12-28,304.37000000000035
2018-12-29,-157.3367000000003
2018-12-30,101.19340000000011
2018-12-31,-140.4067
2019-01-01,128.9699999999998
2019-01-02,71.74670000000015
2019-01-03,-109.06169999999975
2019-01-04,31.4716999999996
2019-01-05,-28.028399999999692
2019-01-06,247.56669999999986
2019-01-07,-41.70670000000018
2019-01-08,-11.466599999999744
2019-01-09,-1.699999999999818
2019-01-10,-358.70920000000024
2019-01-11,-8.6242000000002
2019-01-12,-2.2857999999996537
2019-01-13,-118.51420000000007
2019-01-14,166.01420000000007
2019-01-15,-102.03920000000016
2019-01-16,26.123399999999947
2019-01-17,35.153299999999945
2019-01-18,-34.625
2019-01-19,78.17830000000004
2019-01-20,-156.0699999999997
2019-01-21,-4.203300000000127
2019-01-22,49.528299999999945
2019-01-23,-22.20829999999978
2019-01-24,22.261699999999564
2019-01-25,-16.071699999999964
2019-01-26,-1.4249999999997272
2019-01-27,-27.76170000000002
2019-01-28,-98.53330000000005
2019-01-29,-33.36000000000013
2019-01-30,61.18000000000029
2019-01-31,-40.315000000000055
2019-02-01,26.266699999999673
2019-02-02,-2.0341999999996005
2019-02-03,-23.05079999999998
2019-02-04,7.948299999999563
2019-02-05,20.920000000000073
2019-02-06,-78.36329999999998
2019-02-07,-7.7017000000000735
2019-02-08,271.4317000000001
2019-02-09,-3.1016999999997097
2019-02-10,26.7516999999998
2019-02-11,-60.02340000000004
2019-02-12,1.6849999999999454
2019-02-13,-17.40000000000009
2019-02-14,-12.403299999999945
2019-02-15,8.14830000000029
2019-02-16,10.916699999999764
2019-02-17,49.76670000000013
2019-02-18,244.00160000000005
2019-02-19,16.355000000000018
2019-02-20,54.691699999999855
2019-02-21,-40.44999999999982
2019-02-22,43.654999999999745
2019-02-23,165.4432999999999
2019-02-24,-378.13329999999996
2019-02-25,84.85500000000002
2019-02-26,-21.486699999999928
2019-02-27,1.5867000000002918
2019-02-28,-6.236700000000383
2019-03-01,24.04840000000013
2019-03-02,-4.958399999999983
2019-03-03,-24.9666000000002
2019-03-04,-87.57339999999976
2019-03-05,148.22670000000016
2019-03-06,4.1983000000000175
2019-03-07,6.7333999999996195
2019-03-08,-16.26170000000002
2019-03-09,75.14000000000033
2019-03-10,-18.56670000000031
2019-03-11,-49.428300000000036
2019-03-12,8.731700000000274
2019-03-13,-8.545000000000073
2019-03-14,3.1865999999999985
2019-03-15,49.42669999999998
2019-03-16,87.1233000000002
2019-03-17,-22.876600000000053
2019-03-18,5.150000000000091
2019-03-19,28.9065999999998
2019-03-20,30.368399999999838
2019-03-21,-64.76339999999982
2019-03-22,4.226700000000164
2019-03-23,5.918299999999817
2019-03-24,-15.440000000000055
2019-03-25,-64.7199999999998
2019-03-26,16.016699999999673
2019-03-27,106.57830000000013
2019-03-28,-12.901600000000144
2019-03-29,80.01659999999993
2019-03-30,-1.1700000000000728
2019-03-31,-0.3382999999994354
2019-04-01,38.88000000000011
2019-04-02,752.2982999999995
2019-04-03,68.3134
2019-04-04,-59.154999999999745
2019-04-05,135.8733000000002
2019-04-06,4.619999999999891
2019-04-07,149.6800000000003
2019-04-08,88.91169999999966
2019-04-09,-99.94670000000042
2019-04-10,122.72000000000025
2019-04-11,-272.84000000000015
2019-04-12,41.88330000000042
2019-04-13,-11.029999999999745
2019-04-14,94.73339999999916
2019-04-15,-139.35669999999936
2019-04-16,181.45499999999993
2019-04-17,22.829999999999927
2019-04-18,53.36329999999998
2019-04-19,6.82340000000022
2019-04-20,29.37159999999949
2019-04-21,-20.941600000000108
2019-04-22,90.58160000000044
2019-04-23,143.53340000000026
2019-04-24,-85.66340000000037
2019-04-25,-293.8082999999997
2019-04-26,80.38499999999931
2019-04-27,6.2150000000001455
2019-04-28,19.106700000000274
2019-04-29,-6.720000000000255
2019-04-30,118.99160000000029
2019-05-01,45.041699999999764
2019-05-02,79.64170000000013
2019-05-03,272.5799999999999
2019-05-04,100.12830000000031
2019-05-05,-52.215000000000146
2019-05-06,-24.17830000000049
2019-05-07,61.975000000000364
2019-05-08,167.48829999999998
2019-05-09,158.19999999999982
2019-05-10,188.28170000000046
2019-05-11,809.0783000000001
2019-05-12,-205.50830000000042
2019-05-13,822.165
2019-05-14,176.71330000000034
2019-05-15,202.41499999999996
2019-05-16,-305.2617
2019-05-17,-498.3100000000004
2019-05-18,-117.34659999999985
2019-05-19,929.8699999999999
2019-05-20,-193.41169999999966
2019-05-21,-50.92000000000007
2019-05-22,-321.53170000000046
2019-05-23,252.48340000000007
2019-05-24,122.22330000000056
2019-05-25,65.72829999999976
2019-05-26,674.2317000000003
2019-05-27,44.88830000000053
2019-05-28,-58.61330000000089
2019-05-29,-54.19000000000051
2019-05-30,-397.2533000000003
2019-05-31,271.95830000000024
2019-06-01,8.156700000001365
2019-06-02,184.23499999999876
2019-06-03,-632.2316999999994
2019-06-04,-427.7317000000003
2019-06-05,108.58669999999984
2019-06-06,20.730000000000473
2019-06-07,194.5617000000002
2019-06-08,-72.73500000000058
2019-06-09,-293.89339999999993
2019-06-10,382.0434000000005
2019-06-11,-102.79840000000058
2019-06-12,259.46340000000055
2019-06-13,59.396600000000035
2019-06-14,461.0116999999991
2019-06-15,163.3132999999998
2019-06-16,119.45840000000135
2019-06-17,363.71329999999944
2019-06-18,-256.4333000000006
2019-06-19,204.72000000000116
2019-06-20,251.2515999999996
2019-06-21,693.1283999999996
2019-06-22,462.4516000000003
2019-06-23,165.45499999999993
2019-06-24,181.03000000000065
2019-06-25,710.8249999999989
2019-06-26,1154.4567000000006
2019-06-27,-1736.25
2019-06-28,1185.3932999999997
2019-06-29,-473.77000000000044
2019-06-30,-1113.0865999999987
2019-07-01,-170.09500000000116
2019-07-02,251.07330000000002
2019-07-03,1126.2317000000003
2019-07-04,-824.7134000000005
2019-07-05,-155.49159999999938
2019-07-06,256.02659999999923
2019-07-07,223.95499999999993
2019-07-08,818.2484000000004
2019-07-09,268.5583000000006
2019-07-10,-466.5617000000002
2019-07-11,-750.8816000000006
2019-07-12,443.5650000000005
2019-07-13,-438.70839999999953
2019-07-14,-1156.4183000000012
2019-07-15,648.2417000000005
2019-07-16,-1420.0
2019-07-17,270.255000000001
2019-07-18,944.2032999999992
2019-07-19,-110.51829999999973
2019-07-20,227.89830000000075
2019-07-21,-168.04670000000078
2019-07-22,-260.41829999999936
2019-07-23,-476.005000000001
2019-07-24,-78.25330000000031
2019-07-25,110.53330000000096
2019-07-26,-37.541699999999764
2019-07-27,-378.2866000000013
2019-07-28,61.5
2019-07-29,-26.73999999999978
2019-07-30,87.57160000000113
2019-07-31,501.9316999999992
2019-08-01,314.6717000000008
2019-08-02,121.01000000000022
2019-08-03,292.48159999999916
2019-08-04,160.61499999999978
2019-08-05,822.7034000000003
2019-08-06,-334.8184000000001
2019-08-07,513.9534000000003
2019-08-08,29.7466000000004
2019-08-09,-142.14500000000044
2019-08-10,-579.2633000000005
2019-08-11,272.21999999999935
2019-08-12,-165.16669999999976
2019-08-13,-521.1949999999997
2019-08-14,-839.1615999999995
2019-08-15,271.70830000000024
2019-08-16,50.87329999999929
2019-08-17,-138.16499999999905
2019-08-18,101.1283999999996
2019-08-19,603.2332999999999
2019-08-20,-148.056700000001
2019-08-21,-643.5599999999995
2019-08-22,-20.148299999998926
2019-08-23,293.54329999999936
2019-08-24,-258.97999999999956
2019-08-25,-9.095000000001164
2019-08-26,226.51000000000022
2019-08-27,-187.2515999999996
2019-08-28,-454.1216999999997
2019-08-29,-223.16830000000118
2019-08-30,87.43500000000131
2019-08-31,20.57499999999891
2019-09-01,164.69500000000153
2019-09-02,613.5733
2019-09-03,247.72829999999885
2019-09-04,-50.98159999999916
2019-09-05,-3.391700000000128
2019-09-06,-272.2332999999999
2019-09-07,180.3732999999993
2019-09-08,-83.76670000000013
2019-09-09,-89.67159999999967
2019-09-10,-207.25
2019-09-11,56.36499999999978
2019-09-12,269.46999999999935
2019-09-13,-61.0033999999996
2019-09-14,-7.106599999999162
2019-09-15,-52.77840000000106
2019-09-16,-41.653299999999945
2019-09-17,-71.10999999999876
2019-09-18,-34.578300000001036
2019-09-19,117.32999999999993
2019-09-20,-102.70169999999962
2019-09-21,-190.20000000000073
2019-09-22,46.95170000000144
2019-09-23,-342.2000000000007
2019-09-24,-1156.4017000000003
2019-09-25,-88.1882999999998
2019-09-26,-373.9499999999998
2019-09-27,124.3165999999992
2019-09-28,21.095000000001164
2019-09-29,-154.11000000000058
2019-09-30,249.60840000000098
2019-10-01,9.703299999999217
2019-10-02,68.63830000000053
2019-10-03,-148.6766000000007
2019-10-04,-85.19340000000011
2019-10-05,-7.371599999999489
2019-10-06,-285.6367
2019-10-07,349.29329999999936
2019-10-08,-26.56159999999909
2019-10-09,405.3815999999988
2019-10-10,-6.079999999999927
2019-10-11,-317.97829999999885
2019-10-12,39.416699999999764
2019-10-13,-20.840000000000146
2019-10-14,71.10159999999996
2019-10-15,-190.80329999999958
2019-10-16,-168.42170000000078
2019-10-17,78.46500000000015
2019-10-18,-115.04659999999967
2019-10-19,7.821600000000217
2019-10-20,268.77500000000055
2019-10-21,-21.4900000000016
2019-10-22,-186.82829999999922
2019-10-23,-555.6400000000003
2019-10-24,-43.05829999999969
2019-10-25,1235.6615999999995
2019-10-26,590.4899999999998
2019-10-27,293.306700000001
2019-10-28,-332.09829999999965
2019-10-29,214.3782999999985
2019-10-30,-267.2999999999993
2019-10-31,-5.920000000000073
2019-11-01,101.0666999999994
2019-11-02,46.9283000000014
2019-11-03,-100.76000000000022
2019-11-04,212.58499999999913
2019-11-05,-97.58169999999882
2019-11-06,19.086699999999837
2019-11-07,-139.8816999999999
2019-11-08,-435.4466000000011
2019-11-09,42.9950000000008
2019-11-10,231.42499999999927
2019-11-11,-318.42169999999896
2019-11-12,93.87329999999929
2019-11-13,-45.13160000000062
2019-11-14,-135.91839999999866
2019-11-15,-167.90500000000065
2019-11-16,25.32170000000042
2019-11-17,19.479999999999563
2019-11-18,-325.0132999999996
2019-11-19,-54.789999999999964
2019-11-20,-37.95840000000044
2019-11-21,-464.3683000000001
2019-11-22,-341.21000000000004
2019-11-23,42.58170000000064
2019-11-24,-410.47340000000077
2019-11-25,211.91340000000037
2019-11-26,38.76500000000033
2019-11-27,356.3015999999998
2019-11-28,-89.53160000000025
2019-11-29,328.2433000000001
2019-11-30,-199.1316999999999
2019-12-01,-150.5666000000001
2019-12-02,-100.02499999999964
2019-12-03,-7.933399999999892
2019-12-04,-101.53330000000005
2019-12-05,193.05329999999958
2019-12-06,152.47839999999997
2019-12-07,-39.68170000000009
2019-12-08,22.32000000000062
2019-12-09,-188.1833000000006
2019-12-10,-118.49339999999938
2019-12-11,-19.36660000000029
2019-12-12,-13.966699999999946
2019-12-13,63.534999999999854
2019-12-14,-185.89329999999973
2019-12-15,48.664999999999964
2019-12-16,-232.57999999999993
2019-12-17,-259.8650000000007
2019-12-18,666.3650000000007
2019-12-19,-137.77170000000024
2019-12-20,36.81999999999971
2019-12-21,-47.87169999999969
2019-12-22,369.1300000000001
2019-12-23,-195.54830000000038
2019-12-24,-63.470000000000255
2019-12-25,-57.0032999999994
2019-12-26,1.7815999999993437
2019-12-27,53.86670000000049
2019-12-28,54.023299999999836
2019-12-29,83.84169999999995
2019-12-30,-162.92000000000007
2019-12-31,-52.213299999999435
2020-01-01,6.0615999999999985
2020-01-02,-226.89500000000044
2020-01-03,385.0117
2020-01-04,9.274999999999636
2020-01-05,0.4567000000006374
2020-01-06,405.5132999999996
2020-01-07,395.9367000000002
2020-01-08,-114.88839999999982
2020-01-09,-225.94999999999982
2020-01-10,372.34169999999995
2020-01-11,-172.83830000000034
2020-01-12,162.45660000000044
2020-01-13,-73.40500000000065
2020-01-14,701.9484000000002
2020-01-15,1.0599999999994907
2020-01-16,-91.57339999999931
2020-01-17,173.33669999999984
2020-01-18,10.920000000000073
2020-01-19,-202.59829999999965
2020-01-20,-67.28340000000026
2020-01-21,96.31500000000051
2020-01-22,-66.59330000000045
2020-01-23,-268.8649999999998
2020-01-24,44.344999999999345
2020-01-25,-99.38830000000053
2020-01-26,265.64000000000124
2020-01-27,298.7649999999994
2020-01-28,491.76660000000084
2020-01-29,-102.81330000000162
2020-01-30,218.26500000000124
2020-01-31,-162.59170000000086
2020-02-01,42.52840000000106
2020-02-02,-55.58170000000064
2020-02-03,-41.4367000000002
2020-02-04,-116.30659999999989
2020-02-05,438.0666000000001
2020-02-06,137.14340000000084
2020-02-07,58.04999999999927
2020-02-08,89.06159999999909
2020-02-09,263.625
2020-02-10,-308.5649999999987
2020-02-11,413.3816999999999
2020-02-12,81.85169999999925
2020-02-13,-117.8734000000004
2020-02-14,126.67840000000069
2020-02-15,-453.7350000000006
2020-02-16,23.1783000000014
2020-02-17,-220.1200000000008
2020-02-18,479.7967000000008
2020-02-19,-592.3967000000011
2020-02-20,13.829999999999927
2020-02-21,88.24830000000111
2020-02-22,-27.715000000000146
2020-02-23,305.4300000000003
2020-02-24,-308.64000000000124
2020-02-25,-350.71329999999944
2020-02-26,-523.7999999999993
2020-02-27,26.464999999998327
2020-02-28,-100.92329999999856
2020-02-29,-177.26339999999982
2020-03-01,1.8583999999991647
2020-03-02,385.9950000000008
2020-03-03,-158.07170000000042
2020-03-04,-0.2933000000011816
2020-03-05,305.3883000000005
2020-03-06,91.87670000000071
2020-03-07,-259.2000000000007
2020-03-08,-855.7633999999998
2020-03-09,-105.73829999999998
2020-03-10,-45.223299999999654
2020-03-11,51.94329999999991
2020-03-12,-3037.085
2020-03-13,715.4916999999996
2020-03-14,-447.2549999999992
2020-03-15,177.73829999999998
2020-03-16,-316.3817000000008
2020-03-17,293.4150000000009
2020-03-18,74.52839999999924
2020-03-19,768.6483000000007
2020-03-20,26.341699999999946
2020-03-21,-8.993400000000292
2020-03-22,-393.9483
2020-03-23,689.2699999999995
2020-03-24,273.84169999999995
2020-03-25,-79.07669999999962
2020-03-26,22.24499999999989
2020-03-27,-11.220000000000255
2020-03-28,-472.1849999999995
2020-03-29,-344.53830000000016
2020-03-30,686.7983000000004
2020-03-31,-118.85500000000047
2020-04-01,222.0
2020-04-02,161.10000000000036
2020-04-03,-92.97500000000036
2020-04-04,132.84000000000015
2020-04-05,-94.30500000000029
2020-04-06,519.1400000000003
2020-04-07,62.61999999999989
2020-04-08,-19.220000000000255
2020-04-09,-26.199999999999818
2020-04-10,-405.0
2020-04-11,-95.89999999999964
2020-04-12,329.39999999999964
2020-04-13,-380.3850000000002
2020-04-14,122.03500000000076
2020-04-15,-157.95000000000073
2020-04-16,328.6725000000006
2020-04-17,31.027500000000146
2020-04-18,139.7599999999993
2020-04-19,-55.960000000000036
2020-04-20,-274.33999999999924
2020-04-21,-39.51000000000022
2020-04-22,281.0500000000002
2020-04-23,419.09999999999945
2020-04-24,-54.05000000000018
2020-04-25,95.70499999999993
2020-04-26,4.035000000000764
2020-04-27,71.73499999999967
2020-04-28,49.774999999999636
2020-04-29,549.3000000000011
2020-04-30,467.2999999999993
2020-05-01,30.82250000000022
2020-05-02,119.87249999999949
2020-05-03,-72.43499999999949
2020-05-04,-17.649999999999636
2020-05-05,98.93999999999869
2020-05-06,348.64750000000095
2020-05-07,127.00250000000051
2020-05-08,610.7174999999988
2020-05-09,-245.85249999999905
2020-05-10,-1275.3649999999998
2020-05-11,391.6124999999993
2020-05-12,-127.11249999999927
2020-05-13,369.25
2020-05-14,483.3824999999997
2020-05-15,-58.98750000000109
2020-05-16,-58.54500000000007
2020-05-17,310.0750000000007
2020-05-18,-138.57500000000073
2020-05-19,153.20000000000073
2020-05-20,-17.545000000000073
2020-05-21,-437.0550000000003
2020-05-22,-157.35000000000036
2020-05-23,9.031700000001365
2020-05-24,16.298299999998562
2020-05-25,-426.78999999999905
2020-05-26,94.70999999999913
2020-05-27,52.0
2020-05-28,284.90000000000146
2020-05-29,240.41499999999905
2020-05-30,102.45000000000073
2020-05-31,-5.665000000000873
2020-06-01,19.80000000000109
2020-06-02,571.5499999999993
2020-06-03,-542.0499999999993
2020-06-04,-64.90000000000146
2020-06-05,307.255000000001
2020-06-06,-157.0550000000003
2020-06-07,-58.20000000000073
2020-06-08,108.81500000000051
2020-06-09,-61.405000000000655
2020-06-10,62.090000000000146
2020-06-11,66.45000000000073
2020-06-12,-321.5499999999993
2020-06-13,-43.5625
2020-06-14,-10.492500000000291
2020-06-15,-284.64500000000044
2020-06-16,353.4874999999993
2020-06-17,-16.097499999999854
2020-06-18,-27.389999999999418
2020-06-19,-171.10000000000036
2020-06-20,35.85499999999956
2020-06-21,27.1200000000008
2020-06-22,135.77499999999964
2020-06-23,116.81500000000051
2020-06-24,-81.41500000000087
2020-06-25,-236.17329999999856
2020-06-26,-146.57670000000144
2020-06-27,36.76500000000124
2020-06-28,-172.8150000000005
2020-06-29,104.64999999999964
2020-06-30,48.23500000000058
2020-07-01,9.56500000000051
2020-07-02,45.92499999999927
2020-07-03,-104.92000000000007
2020-07-04,-11.55999999999949
2020-07-05,-8.082500000000437
2020-07-06,127.9375
2020-07-07,62.125
2020-07-08,14.208300000000236
2020-07-09,124.26670000000013
2020-07-10,-259.1350000000002
2020-07-11,133.33499999999913
2020-07-12,1.0
2020-07-13,15.612500000001091
2020-07-14,-92.25580000000082
2020-07-15,11.720800000000963
2020-07-16,-97.80249999999978
2020-07-17,5.894999999998618
2020-07-18,18.037500000000364
2020-07-19,15.852500000000873
2020-07-20,29.264999999999418
2020-07-21,21.137500000000728
2020-07-22,150.68249999999898
2020-07-23,154.42000000000007
2020-07-24,32.86499999999978
2020-07-25,57.27000000000044
2020-07-26,110.32999999999993
2020-07-27,588.4200000000001
2020-07-28,684.8117000000002
2020-07-29,-2.811700000000201
2020-07-30,71.0
2020-07-31,-28.0
2020-08-01,328.65669999999955
2020-08-02,-52.87669999999889
2020-08-03,-136.83500000000095
2020-08-04,111.55000000000109
2020-08-05,-56.4950000000008
2020-08-06,577.3173999999999
2020-08-07,30.44759999999951
2020-08-08,-258.7649999999994
2020-08-09,97.95000000000073
2020-08-10,343.8299999999999
2020-08-11,-177.78000000000065
2020-08-12,-490.4899999999998
2020-08-13,223.08499999999913
2020-08-14,194.40500000000065
2020-08-15,136.1270000000004
2020-08-16,12.70299999999952
2020-08-17,-51.82999999999993
2020-08-18,471.0
2020-08-19,-409.0
2020-08-20,-84.60260000000017
2020-08-21,-250.7584999999999
2020-08-22,91.48550000000068
2020-08-23,-63.124400000000605
2020-08-24,132.5126999999993
2020-08-25,-365.28669999999875
2020-08-26,80.09659999999894
2020-08-27,-156.70160000000033
2020-08-28,180.10470000000169
2020-08-29,32.81869999999981
2020-08-30,141.95949999999903
2020-08-31,21.369399999999587
2020-09-01,285.83539999999994
2020-09-02,-168.5086999999985
2020-09-03,-492.8125
2020-09-04,-1010.2892000000011
2020-09-05,146.90170000000035
2020-09-06,-329.0599999999995
2020-09-07,53.68999999999869
2020-09-08,152.45330000000104
2020-09-09,-284.08330000000024
2020-09-10,308.5159999999996
2020-09-11,39.52360000000044
2020-09-12,55.82580000000053
2020-09-13,-123.29680000000008
2020-09-14,367.22899999999936
2020-09-15,149.20770000000084
2020-09-16,203.8781999999992
2020-09-17,-96.27219999999943
2020-09-18,-3.180099999999584
2020-09-19,114.94809999999961
2020-09-20,-195.96920000000136
2020-09-21,-326.7071999999989
2020-09-22,4.961699999999837
2020-09-23,-271.1316000000006
2020-09-24,412.9238000000005
2020-09-25,56.11280000000079
2020-09-26,12.40689999999995
2020-09-27,10.868999999998778
2020-09-28,110.72019999999975
2020-09-29,-98.78129999999874
2020-09-30,-22.70480000000134
2020-10-01,-114.97859999999855
2020-10-02,-59.270800000000236
2020-10-03,-12.301499999999578
2020-10-04,105.58249999999862
2020-10-05,95.79340000000047
2020-10-06,-166.77820000000065
2020-10-07,56.12840000000142
2020-10-08,251.84059999999954
2020-10-09,165.9362999999994
2020-10-10,240.96000000000095
2020-10-11,72.67659999999887
2020-10-12,167.98999999999978
2020-10-13,-112.68329999999878
2020-10-14,-1.6033000000006723
2020-10-15,79.66500000000087
2020-10-16,-185.01500000000124
2020-10-17,44.391600000000835
2020-10-18,147.0534000000007
2020-10-19,241.57999999999993
2020-10-20,164.42829999999958
2020-10-21,888.5116999999991
2020-10-22,176.41500000000087
2020-10-23,-47.79500000000007
2020-10-24,186.94830000000002
2020-10-25,-88.04169999999976
2020-10-26,28.81499999999869
2020-10-27,570.931700000001
2020-10-28,-362.306700000001
2020-10-29,183.34500000000116
2020-10-30,107.12669999999889
2020-10-31,230.1783000000014
2020-11-01,-34.13330000000133
2020-11-02,-195.7466999999997
2020-11-03,463.5667000000012
2020-11-04,128.01999999999862
2020-11-05,1434.7450000000008
2020-11-06,-4.5516999999999825
2020-11-07,-745.0583000000006
2020-11-08,645.5249999999996
2020-11-09,-154.59999999999854
2020-11-10,-21.426699999999983
2020-11-11,393.09670000000006
2020-11-12,594.4866999999995
2020-11-13,29.316600000000108
2020-11-14,-254.63000000000102
2020-11-15,-107.46829999999864
2020-11-16,752.3599999999988
2020-11-17,955.7299999999996
2020-11-18,108.931700000001
2020-11-19,29.811600000000908
2020-11-20,860.3549999999996
2020-11-21,22.07999999999811
2020-11-22,-274.0
2020-11-23,-41.79659999999785
2020-11-24,779.5515999999989
2020-11-25,-437.72160000000076
2020-11-26,-1541.0616999999984
2020-11-27,-26.181700000001
2020-11-28,581.6634000000013
2020-11-29,458.5799999999981
2020-11-30,1511.5499999999993
2020-12-01,-912.8999999999978
2020-12-02,431.02330000000075
2020-12-03,224.04669999999896
2020-12-04,-792.8467000000019
2020-12-05,500.505000000001
2020-12-06,228.78670000000056
2020-12-07,-201.3149999999987
2020-12-08,-862.8434000000016
2020-12-09,231.36669999999867
2020-12-10,-297.9966999999997
2020-12-11,-216.16159999999945
2020-12-12,771.2999999999993
2020-12-13,357.6916000000019
2020-12-14,106.11999999999898
2020-12-15,169.67499999999927
2020-12-16,1905.2983999999997
2020-12-17,1462.4350000000013
2020-12-18,321.005000000001
2020-12-19,702.0182999999997
2020-12-20,-376.3083000000006
2020-12-21,-740.7717000000011
2020-12-22,1099.0817000000025
2020-12-23,-588.2934000000023
2020-12-24,500.63500000000204
2020-12-25,978.1533999999992
2020-12-26,1738.1483000000007
2020-12-27,-197.6733000000022
2020-12-28,793.5900000000001
2020-12-29,312.1116000000002
2020-12-30,1532.061700000002
2020-12-31,70.22499999999854
2021-01-01,435.51000000000204
2021-01-02,2806.704999999998
2021-01-03,835.140000000003
2021-01-04,-1016.0550000000039
2021-01-05,2017.4416999999994
2021-01-06,2791.9716000000044
2021-01-07,2648.628399999994
2021-01-08,1141.1150000000052
2021-01-09,-388.85339999999997
2021-01-10,-2036.318299999999
2021-01-11,-2728.3617000000013
2021-01-12,-1403.2750000000015
2021-01-13,3315.8899999999994
2021-01-14,1762.2716999999975
2021-01-15,-2368.0316999999995
2021-01-16,-740.8465999999971
2021-01-17,-184.1750000000029
2021-01-18,811.9716000000044
2021-01-19,-727.8250000000044
2021-01-20,-418.4982999999993
2021-01-21,-4672.169999999998
2021-01-22,2180.324999999997
2021-01-23,-912.121699999996
2021-01-24,190.46169999999984
2021-01-25,-41.81500000000233
2021-01-26,263.0083000000013
2021-01-27,-2092.965
2021-01-28,2994.6516999999985
2021-01-29,843.9650000000038
2021-01-30,60.26169999999547
2021-01-31,-1194.5283999999956
2021-02-01,414.0266999999949
2021-02-02,1984.5400000000009
2021-02-03,2156.9667000000045
2021-02-04,-700.5984000000026
2021-02-05,1321.5684000000037
2021-02-06,963.0949999999939
2021-02-07,-406.9916999999987
2021-02-08,7573.739999999998
2021-02-09,66.20330000000104
2021-02-10,-1646.6765999999989
2021-02-11,3149.0365999999995
2021-02-12,-594.25
2021-02-13,-198.73500000000058
2021-02-14,1421.5917000000045
2021-02-15,-699.1333000000013
2021-02-16,1251.6016000000018
2021-02-17,2941.591699999997
2021-02-18,-553.9133000000002
2021-02-19,4349.723299999998
2021-02-20,-24.689999999995052
2021-02-21,1543.1599999999962
2021-02-22,-3324.104999999996
2021-02-23,-5216.4783000000025
2021-02-24,833.5032999999967
2021-02-25,-2629.736699999994
2021-02-26,-775.0433000000048
2021-02-27,-140.3617000000013
2021-02-28,-932.9649999999965
2021-03-01,4363.230000000003
2021-03-02,-1116.8350000000064
2021-03-03,1919.3600000000006
2021-03-04,-2057.0233000000007
2021-03-05,415.8150000000023
2021-03-06,106.06330000000162
2021-03-07,2098.9184000000023
2021-03-08,1407.4182999999975
2021-03-09,2538.9766999999993
2021-03-10,957.9182999999975
2021-03-11,1937.3582999999999
2021-03-12,-572.7132999999958
2021-03-13,3929.9266999999963
2021-03-14,-2193.258399999999
2021-03-15,-3339.561600000001
2021-03-16,1269.4883000000045
2021-03-17,1978.479999999996
2021-03-18,-1261.885000000002
2021-03-19,431.1667000000016
2021-03-20,49.83499999999913
2021-03-21,-746.1133999999947
2021-03-22,-3281.010000000002
2021-03-23,251.38670000000275
2021-03-24,-2051.5
2021-03-25,-947.5800000000017
2021-03-26,3701.7549999999974
2021-03-27,807.7416999999987
2021-03-28,-76.48500000000058
2021-03-29,1864.270000000004
2021-03-30,1154.3899999999994
2021-03-31,-2.1050000000032014
2021-04-01,-67.15840000000026
2021-04-02,254.42840000000433
2021-04-03,-1915.731700000004
2021-04-04,1156.375
2021-04-05,918.9300000000003
2021-04-06,-1129.2699999999968
2021-04-07,-2060.4449999999997
2021-04-08,2136.209999999999
2021-04-09,32.40999999999622
2021-04-10,1672.2550000000047
2021-04-11,199.02829999999813
2021-04-12,-134.15999999999622
2021-04-13,3708.1199999999953
2021-04-14,-610.2449999999953
2021-04-15,269.1800000000003
2021-04-16,-1828.8833000000013
2021-04-17,-1371.3717000000033
2021-04-18,-3791.136599999998
2021-04-19,-564.1483999999982
2021-04-20,831.0483999999997
2021-04-21,-2687.201700000005
2021-04-22,-2089.9416999999958
2021-04-23,-560.9866000000038
2021-04-24,-1037.4099999999962
2021-04-25,-995.4967000000033
2021-04-26,4941.271700000005
2021-04-27,996.568299999999
2021-04-28,-188.37830000000395
2021-04-29,-1297.7433999999994
2021-04-30,4156.9000000000015
2021-05-01,99.14839999999822
2021-05-02,-1227.2033999999985
2021-05-03,580.6800000000003
2021-05-04,-3949.144999999997
2021-05-05,4260.876699999993
2021-05-06,-1063.2316999999966
2021-05-07,913.0834000000032
2021-05-08,1588.9582999999984
2021-05-09,-649.6949999999997
